ad_id,reporting_start,reporting_end,campaign_id,fb_campaign_id,age,gender,interest1,interest2,interest3,impressions,clicks,spent,total_conversion,approved_conversion,CTR,CPC,CPA,conversion_rate
708749,2017-08-17,2017-08-17,916,103917,30-34,M,16,19,21,17861.0,2,1.820000023,2.0,0.0,0.0111975813224343,0.9100000115,0.0,0.0
708771,2017-08-17,2017-08-17,916,103920,30-34,M,20,25,22,693.0,0,0.0,1.0,0.0,0.0,0.0,0.0,0.0
708815,2017-08-30,2017-08-30,916,103928,30-34,M,28,32,32,4259.0,1,1.25,1.0,0.0,0.0234796900680911,1.25,0.0,0.0
708820,2017-08-17,2017-08-17,916,103929,30-34,M,29,30,30,1915.0,0,0.0,1.0,1.0,0.0,0.0,0.0,0.0
708889,2017-08-17,2017-08-17,916,103940,30-34,M,15,16,17,15615.0,3,4.769999981,1.0,0.0,0.0192122958693563,1.5899999936666669,0.0,0.0
708953,2017-08-17,2017-08-17,916,103951,30-34,M,27,31,31,2355.0,1,1.5,1.0,0.0,0.0424628450106157,1.5,0.0,0.0
708958,2017-08-30,2017-08-30,916,103952,30-34,M,28,32,31,9502.0,3,3.159999967,1.0,0.0,0.0315723005683014,1.0533333223333334,0.0,0.0
708979,2017-08-30,2017-08-30,916,103955,30-34,M,31,37,34,1224.0,0,0.0,1.0,0.0,0.0,0.0,0.0,0.0
709023,2017-08-29,2017-08-29,916,103962,30-34,M,7,8,8,735.0,0,0.0,1.0,0.0,0.0,0.0,0.0,0.0
709038,2017-08-29,2017-08-29,916,103965,30-34,M,16,20,22,5117.0,0,0.0,1.0,0.0,0.0,0.0,0.0,0.0
709040,2017-08-29,2017-08-29,916,103965,30-34,M,16,19,21,5120.0,0,0.0,1.0,0.0,0.0,0.0,0.0,0.0
709105,2017-08-30,2017-08-30,916,103976,30-34,M,28,30,32,1241.0,0,0.0,1.0,1.0,0.0,0.0,0.0,0.0
709115,2017-08-30,2017-08-30,916,103978,30-34,M,30,34,31,2305.0,1,0.569999993,1.0,0.0,0.0433839479392624,0.569999993,0.0,0.0
709124,2017-08-30,2017-08-30,916,103979,30-34,M,31,34,33,1024.0,0,0.0,1.0,1.0,0.0,0.0,0.0,0.0
709179,2017-08-30,2017-08-30,916,103988,35-39,M,15,16,17,4627.0,1,1.690000057,1.0,0.0,0.0216122757726388,1.690000057,0.0,0.0
709320,2017-08-17,2017-08-17,916,104012,35-39,M,15,21,20,1422.0,0,0.0,1.0,1.0,0.0,0.0,0.0,0.0
709323,2017-08-17,2017-08-17,916,104012,35-39,M,15,17,19,7132.0,2,2.609999895,1.0,0.0,0.0280426247896803,1.3049999475,0.0,0.0
709326,2017-08-18,2017-08-18,916,104013,35-39,M,16,22,22,12190.0,2,3.049999952,1.0,0.0,0.0164068908941755,1.524999976,0.0,0.0
709328,2017-08-18,2017-08-18,916,104013,35-39,M,16,19,18,3332.0,0,0.0,1.0,1.0,0.0,0.0,0.0,0.0
709455,2017-08-18,2017-08-18,916,104034,35-39,M,7,12,10,559.0,0,0.0,1.0,0.0,0.0,0.0,0.0,0.0
709614,2017-08-19,2017-08-19,916,104061,40-44,M,16,19,20,19113.0,4,5.5200001,1.0,0.0,0.0209281640768063,1.380000025,0.0,0.0
709761,2017-08-18,2017-08-18,916,104085,40-44,M,16,19,20,2861.0,0,0.0,1.0,0.0,0.0,0.0,0.0,0.0
709899,2017-08-18,2017-08-18,916,104108,40-44,M,15,18,20,1398.0,0,0.0,1.0,1.0,0.0,0.0,0.0,0.0
710045,2017-08-17,2017-08-17,916,104133,45-49,M,16,22,17,47224.0,12,15.82000017,1.0,0.0,0.0254108080636964,1.3183333475,0.0,0.0
710088,2017-08-17,2017-08-17,916,104140,45-49,M,24,26,27,2283.0,1,1.470000029,1.0,0.0,0.043802014892685,1.470000029,0.0,0.0
710477,2017-08-17,2017-08-17,916,104205,30-34,F,16,19,19,2654.0,0,0.0,1.0,1.0,0.0,0.0,0.0,0.0
710617,2017-08-18,2017-08-18,916,104228,30-34,F,15,19,16,5014.0,1,1.190000057,1.0,0.0,0.0199441563621858,1.190000057,0.0,0.0
710623,2017-08-18,2017-08-18,916,104229,30-34,F,16,19,20,38726.0,7,9.220000267,1.0,0.0,0.0180757114083561,1.3171428952857145,0.0,0.0
710628,2017-08-17,2017-08-17,916,104230,30-34,F,18,24,22,1473.0,0,0.0,1.0,0.0,0.0,0.0,0.0,0.0
710682,2017-08-29,2017-08-29,916,104239,30-34,F,27,33,32,1186.0,0,0.0,1.0,0.0,0.0,0.0,0.0,0.0
710763,2017-08-29,2017-08-29,916,104252,30-34,F,15,19,17,5369.0,1,1.50999999,1.0,0.0,0.0186254423542559,1.50999999,0.0,0.0
710867,2017-08-26,2017-08-26,916,104270,30-34,F,63,64,68,1185.0,0,0.0,1.0,0.0,0.0,0.0,0.0,0.0
710880,2017-08-26,2017-08-26,916,104272,30-34,F,65,70,68,13019.0,5,6.960000038,1.0,0.0,0.0384054074813733,1.3920000076,0.0,0.0
710961,2017-08-27,2017-08-27,916,104285,35-39,F,25,29,26,2508.0,1,1.220000029,1.0,0.0,0.0398724082934609,1.220000029,0.0,0.0
711217,2017-08-27,2017-08-27,916,104328,35-39,F,20,26,23,2783.0,1,1.600000024,1.0,0.0,0.0359324469996406,1.600000024,0.0,0.0
711785,2017-08-26,2017-08-26,916,104423,45-49,F,19,25,23,292.0,0,0.0,1.0,0.0,0.0,0.0,0.0,0.0
711877,2017-08-26,2017-08-26,916,104438,45-49,F,63,67,65,17572.0,7,9.379999995,1.0,0.0,0.0398361028909628,1.3399999992857143,0.0,0.0
712052,2017-08-25,2017-08-25,916,104467,45-49,F,10,13,11,1448.0,0,0.0,1.0,1.0,0.0,0.0,0.0,0.0
734209,2017-08-25,2017-08-25,936,108654,30-34,M,10,16,14,1772.0,0,0.0,1.0,1.0,0.0,0.0,0.0,0.0
734215,2017-08-26,2017-08-26,936,108655,30-34,M,15,19,17,13659.0,3,3.840000033,1.0,0.0,0.0219635405227322,1.280000011,0.0,0.0
734243,2017-08-26,2017-08-26,936,108660,30-34,M,21,23,24,739.0,0,0.0,1.0,1.0,0.0,0.0,0.0,0.0
734266,2017-08-26,2017-08-26,936,108664,30-34,M,25,30,27,605.0,0,0.0,1.0,0.0,0.0,0.0,0.0,0.0
734272,2017-08-26,2017-08-26,936,108665,30-34,M,26,32,29,1030.0,0,0.0,1.0,0.0,0.0,0.0,0.0,0.0
734290,2017-08-26,2017-08-26,936,108668,30-34,M,29,32,35,5374.0,1,1.039999962,4.0,0.0,0.0186081131373278,1.039999962,0.0,0.0
734313,2017-08-26,2017-08-26,936,108672,30-34,M,36,38,38,790.0,0,0.0,1.0,1.0,0.0,0.0,0.0,0.0
734314,2017-08-27,2017-08-27,936,108672,30-34,M,36,38,38,962.0,0,0.0,1.0,0.0,0.0,0.0,0.0,0.0
734399,2017-08-28,2017-08-28,936,108686,35-39,M,23,24,27,239.0,0,0.0,1.0,0.0,0.0,0.0,0.0,0.0
734418,2017-08-29,2017-08-29,936,108689,35-39,M,26,27,28,591.0,0,0.0,1.0,0.0,0.0,0.0,0.0,0.0
734421,2017-08-29,2017-08-29,936,108690,35-39,M,27,29,32,10332.0,4,5.75,1.0,0.0,0.0387146728610143,1.4375,0.0,0.0
734427,2017-08-29,2017-08-29,936,108691,35-39,M,28,29,31,8259.0,3,3.980000019,1.0,0.0,0.0363240101707228,1.326666673,0.0,0.0
734433,2017-08-29,2017-08-29,936,108692,35-39,M,29,35,31,12158.0,3,4.449999928,1.0,0.0,0.0246751110379996,1.4833333093333334,0.0,0.0
734582,2017-08-29,2017-08-29,936,108716,40-44,M,29,33,33,7709.0,2,1.320000052,2.0,0.0,0.0259437021662991,0.660000026,0.0,0.0
734605,2017-08-28,2017-08-28,936,108720,40-44,M,36,37,41,834.0,0,0.0,1.0,0.0,0.0,0.0,0.0,0.0
734660,2017-08-28,2017-08-28,936,108729,45-49,M,18,22,23,1299.0,0,0.0,2.0,0.0,0.0,0.0,0.0,0.0
734666,2017-08-28,2017-08-28,936,108730,45-49,M,19,24,20,371.0,0,0.0,1.0,0.0,0.0,0.0,0.0,0.0
734726,2017-08-28,2017-08-28,936,108740,45-49,M,29,30,35,10466.0,3,4.090000033,1.0,0.0,0.0286642461303267,1.3633333443333333,0.0,0.0
734737,2017-08-27,2017-08-27,936,108742,45-49,M,31,37,33,839.0,0,0.0,1.0,0.0,0.0,0.0,0.0,0.0
734794,2017-08-28,2017-08-28,936,108752,30-34,F,16,19,17,4010.0,0,0.0,1.0,0.0,0.0,0.0,0.0,0.0
734800,2017-08-28,2017-08-28,936,108753,30-34,F,18,20,20,1635.0,0,0.0,1.0,0.0,0.0,0.0,0.0,0.0
734803,2017-08-28,2017-08-28,936,108753,30-34,F,18,19,21,1631.0,0,0.0,1.0,0.0,0.0,0.0,0.0,0.0
734852,2017-08-28,2017-08-28,936,108761,30-34,F,26,30,29,13479.0,3,4.25,1.0,0.0,0.0222568439795237,1.4166666666666667,0.0,0.0
734866,2017-08-20,2017-08-20,936,108764,30-34,F,29,32,31,11803.0,3,4.440000057,1.0,0.0,0.0254172667965771,1.480000019,0.0,0.0
734901,2017-08-20,2017-08-20,936,108770,30-34,F,64,70,68,1554.0,0,0.0,1.0,0.0,0.0,0.0,0.0,0.0
734999,2017-08-20,2017-08-20,936,108786,35-39,F,27,32,32,20277.0,6,8.050000072,1.0,0.0,0.0295901760615475,1.341666678666667,0.0,0.0
735032,2017-08-19,2017-08-19,936,108791,35-39,F,32,33,34,498.0,0,0.0,1.0,1.0,0.0,0.0,0.0,0.0
735033,2017-08-18,2017-08-18,936,108792,35-39,F,36,40,40,652.0,0,0.0,0.0,0.0,0.0,0.0,0.0,0.0
735043,2017-08-18,2017-08-18,936,108793,35-39,F,63,65,69,1357.0,0,0.0,1.0,1.0,0.0,0.0,0.0,0.0
735048,2017-08-18,2017-08-18,936,108794,35-39,F,64,65,68,1393.0,0,0.0,1.0,0.0,0.0,0.0,0.0,0.0
735065,2017-08-19,2017-08-19,936,108797,40-44,F,7,10,12,648.0,0,0.0,1.0,0.0,0.0,0.0,0.0,0.0
735109,2017-08-19,2017-08-19,936,108804,40-44,F,21,26,25,708.0,0,0.0,1.0,1.0,0.0,0.0,0.0,0.0
735140,2017-08-19,2017-08-19,936,108809,40-44,F,26,27,31,6907.0,2,2.349999964,1.0,0.0,0.0289561314608368,1.174999982,0.0,0.0
735143,2017-08-19,2017-08-19,936,108810,40-44,F,27,28,30,39035.0,13,19.32999957,1.0,0.0,0.0333034456257205,1.4869230438461538,0.0,0.0
735151,2017-08-19,2017-08-19,936,108811,40-44,F,28,30,31,926.0,0,0.0,1.0,0.0,0.0,0.0,0.0,0.0
735184,2017-08-19,2017-08-19,936,108817,40-44,F,63,66,67,4412.0,1,1.450000048,1.0,0.0,0.0226654578422484,1.450000048,0.0,0.0
735189,2017-08-21,2017-08-21,936,108818,40-44,F,64,65,66,9965.0,3,4.050000072,1.0,0.0,0.0301053687907676,1.350000024,0.0,0.0
735213,2017-08-21,2017-08-21,936,108822,45-49,F,10,16,11,73634.0,23,32.97999978,1.0,0.0,0.0312355705244859,1.4339130339130437,0.0,0.0
735220,2017-08-18,2017-08-18,936,108823,45-49,F,15,17,17,69708.0,20,31.28999949,1.0,0.0,0.0286911114936592,1.5644999745,0.0,0.0
735242,2017-08-18,2017-08-18,936,108826,45-49,F,19,25,21,530.0,0,0.0,1.0,0.0,0.0,0.0,0.0,0.0
735247,2017-08-18,2017-08-18,936,108827,45-49,F,20,24,25,14257.0,6,8.789999962,1.0,0.0,0.0420845900259521,1.4649999936666669,0.0,0.0
735290,2017-08-18,2017-08-18,936,108834,45-49,F,27,29,33,12215.0,4,6.26000011,1.0,0.0,0.0327466230045026,1.5650000275,0.0,0.0
736869,2017-08-18,2017-08-18,936,109448,30-34,M,2,6,8,2338.0,1,0.239999995,1.0,0.0,0.0427715996578272,0.239999995,0.0,0.0
736890,2017-08-18,2017-08-18,936,109451,30-34,M,15,16,20,2522.0,0,0.0,1.0,0.0,0.0,0.0,0.0,0.0
736893,2017-08-18,2017-08-18,936,109452,30-34,M,16,17,17,3587.0,0,0.0,1.0,0.0,0.0,0.0,0.0,0.0
736977,2017-08-18,2017-08-18,936,109470,30-34,M,27,30,28,1273.0,0,0.0,1.0,0.0,0.0,0.0,0.0,0.0
736988,2017-08-21,2017-08-21,936,109472,30-34,M,28,29,29,3891.0,1,1.090000033,1.0,0.0,0.0257003341043433,1.090000033,0.0,0.0
736995,2017-08-21,2017-08-21,936,109473,30-34,M,29,34,34,1888.0,0,0.0,1.0,0.0,0.0,0.0,0.0,0.0
736997,2017-08-21,2017-08-21,936,109473,30-34,M,29,32,33,1895.0,0,0.0,1.0,0.0,0.0,0.0,0.0,0.0
737097,2017-08-21,2017-08-21,936,109498,35-39,M,7,10,11,715.0,0,0.0,1.0,0.0,0.0,0.0,0.0,0.0
737130,2017-08-21,2017-08-21,936,109507,35-39,M,16,19,18,11199.0,2,2.680000067,1.0,0.0,0.0178587373872667,1.3400000335,0.0,0.0
737320,2017-08-18,2017-08-18,936,109553,35-39,M,63,64,66,5676.0,2,3.00999999,1.0,0.0,0.0352360817477096,1.504999995,0.0,0.0
737375,2017-08-21,2017-08-21,936,109565,40-44,M,10,11,11,1415.0,0,0.0,1.0,0.0,0.0,0.0,0.0,0.0
737644,2017-08-21,2017-08-21,936,109629,45-49,M,16,22,17,45401.0,10,14.06000042,1.0,0.0,0.0220259465650536,1.406000042,0.0,0.0
737658,2017-08-18,2017-08-18,936,109633,45-49,M,18,19,24,4919.0,1,1.590000033,1.0,0.0,0.0203293352307379,1.590000033,0.0,0.0
737674,2017-08-20,2017-08-20,936,109637,45-49,M,20,21,24,533.0,0,0.0,1.0,1.0,0.0,0.0,0.0,0.0
737766,2017-08-20,2017-08-20,936,109659,45-49,M,29,33,33,1447.0,0,0.0,1.0,1.0,0.0,0.0,0.0,0.0
737896,2017-08-20,2017-08-20,936,109689,30-34,F,16,21,22,17553.0,3,4.590000153,1.0,0.0,0.017091095539224,1.530000051,0.0,0.0
737931,2017-08-20,2017-08-20,936,109698,30-34,F,20,26,24,3343.0,1,0.540000021,1.0,0.0,0.0299132515704457,0.540000021,0.0,0.0
737961,2017-08-20,2017-08-20,936,109706,30-34,F,23,29,28,523.0,0,0.0,1.0,0.0,0.0,0.0,0.0,0.0
737995,2017-08-20,2017-08-20,936,109714,30-34,F,26,27,31,1873.0,0,0.0,1.0,0.0,0.0,0.0,0.0,0.0
738067,2017-08-20,2017-08-20,936,109731,30-34,F,32,37,36,658.0,0,0.0,1.0,0.0,0.0,0.0,0.0,0.0
738098,2017-08-20,2017-08-20,936,109738,30-34,F,64,70,68,1539.0,0,0.0,1.0,0.0,0.0,0.0,0.0,0.0
738408,2017-08-19,2017-08-19,936,109813,40-44,F,16,22,22,20233.0,4,5.590000153,3.0,0.0,0.0197696831908268,1.39750003825,0.0,0.0
738463,2017-08-20,2017-08-20,936,109826,40-44,F,21,23,24,542.0,0,0.0,1.0,0.0,0.0,0.0,0.0,0.0
738528,2017-08-19,2017-08-19,936,109839,40-44,F,30,34,33,402.0,0,0.0,1.0,1.0,0.0,0.0,0.0,0.0
738560,2017-08-19,2017-08-19,936,109844,40-44,F,64,70,66,1338.0,0,0.0,1.0,0.0,0.0,0.0,0.0,0.0
738606,2017-08-21,2017-08-21,936,109852,45-49,F,19,20,23,529.0,0,0.0,1.0,0.0,0.0,0.0,0.0,0.0
738637,2017-08-21,2017-08-21,936,109857,45-49,F,24,26,30,944.0,1,1.419999957,1.0,0.0,0.1059322033898305,1.419999957,0.0,0.0
747212,2017-08-18,2017-08-18,936,110836,30-34,M,10,16,14,7208.0,2,3.190000057,1.0,0.0,0.027746947835738,1.5950000285,0.0,0.0
747213,2017-08-18,2017-08-18,936,110836,30-34,M,10,12,11,1746.0,0,0.0,1.0,0.0,0.0,0.0,0.0,0.0
747220,2017-08-18,2017-08-18,936,110837,30-34,M,15,17,16,2474.0,0,0.0,2.0,2.0,0.0,0.0,0.0,0.0
747222,2017-08-18,2017-08-18,936,110838,30-34,M,16,22,20,12489.0,2,1.960000038,1.0,0.0,0.0160140924013131,0.980000019,0.0,0.0
747223,2017-08-18,2017-08-18,936,110838,30-34,M,16,18,18,8032.0,1,0.600000024,2.0,0.0,0.0124501992031872,0.600000024,0.0,0.0
747248,2017-08-21,2017-08-21,936,110842,30-34,M,21,24,24,472.0,0,0.0,1.0,1.0,0.0,0.0,0.0,0.0
747332,2017-08-21,2017-08-21,936,110856,30-34,M,64,68,65,792.0,0,0.0,1.0,1.0,0.0,0.0,0.0,0.0
747370,2017-08-20,2017-08-20,936,110862,35-39,M,16,17,19,2936.0,0,0.0,1.0,0.0,0.0,0.0,0.0,0.0
747435,2017-08-21,2017-08-21,936,110873,35-39,M,28,29,30,1032.0,0,0.0,1.0,0.0,0.0,0.0,0.0,0.0
747439,2017-08-21,2017-08-21,936,110874,35-39,M,29,35,33,1662.0,0,0.0,1.0,1.0,0.0,0.0,0.0,0.0
747659,2017-08-25,2017-08-25,936,110910,45-49,M,16,21,17,12186.0,2,2.669999957,1.0,0.0,0.0164122763827342,1.3349999785,0.0,0.0
747675,2017-08-25,2017-08-25,936,110913,45-49,M,20,22,21,673.0,0,0.0,1.0,0.0,0.0,0.0,0.0,0.0
747678,2017-08-25,2017-08-25,936,110914,45-49,M,21,27,23,370.0,0,0.0,1.0,1.0,0.0,0.0,0.0,0.0
747712,2017-08-24,2017-08-24,936,110919,45-49,M,26,30,29,450.0,0,0.0,1.0,1.0,0.0,0.0,0.0,0.0
747790,2017-08-24,2017-08-24,936,110932,30-34,F,10,12,14,2077.0,0,0.0,1.0,1.0,0.0,0.0,0.0,0.0
747798,2017-08-25,2017-08-25,936,110934,30-34,F,16,21,20,25884.0,5,7.350000143,1.0,0.0,0.0193169525575645,1.4700000286,0.0,0.0
747824,2017-08-25,2017-08-25,936,110938,30-34,F,21,24,23,608.0,0,0.0,1.0,1.0,0.0,0.0,0.0,0.0
747828,2017-08-25,2017-08-25,936,110939,30-34,F,22,24,24,28488.0,10,9.340000033,1.0,0.0,0.03510249929795,0.9340000033,0.0,0.0
747852,2017-08-24,2017-08-24,936,110943,30-34,F,26,32,32,10126.0,3,4.619999886,1.0,0.0,0.0296267035354532,1.5399999619999998,0.0,0.0
747859,2017-08-24,2017-08-24,936,110944,30-34,F,27,32,33,22572.0,5,8.5,1.0,0.0,0.0221513379408116,1.7,0.0,0.0
747863,2017-08-24,2017-08-24,936,110944,30-34,F,27,30,33,1955.0,0,0.0,1.0,1.0,0.0,0.0,0.0,0.0
747879,2017-08-24,2017-08-24,936,110947,30-34,F,30,36,31,493.0,0,0.0,1.0,0.0,0.0,0.0,0.0,0.0
747903,2017-08-24,2017-08-24,936,110951,30-34,F,63,69,69,1491.0,0,0.0,1.0,1.0,0.0,0.0,0.0,0.0
747911,2017-08-24,2017-08-24,936,110952,30-34,F,64,66,66,1495.0,0,0.0,1.0,1.0,0.0,0.0,0.0,0.0
747968,2017-08-24,2017-08-24,936,110962,35-39,F,21,27,24,512.0,0,0.0,0.0,0.0,0.0,0.0,0.0,0.0
747991,2017-08-24,2017-08-24,936,110966,35-39,F,25,31,27,4868.0,2,2.420000076,1.0,0.0,0.0410846343467543,1.210000038,0.0,0.0
748000,2017-08-24,2017-08-24,936,110967,35-39,F,26,27,32,6585.0,2,2.950000048,1.0,0.0,0.0303720577069096,1.475000024,0.0,0.0
748014,2017-08-24,2017-08-24,936,110970,35-39,F,29,31,35,11182.0,4,4.449999809,1.0,0.0,0.0357717760686818,1.11249995225,0.0,0.0
748045,2017-08-25,2017-08-25,936,110975,35-39,F,63,69,64,1238.0,0,0.0,1.0,0.0,0.0,0.0,0.0,0.0
748086,2017-08-25,2017-08-25,936,110982,40-44,F,16,19,18,34127.0,8,13.07000017,1.0,0.0,0.0234418495619304,1.63375002125,0.0,0.0
748087,2017-08-26,2017-08-26,936,110982,40-44,F,16,22,19,29466.0,7,10.84999967,2.0,0.0,0.0237561935790402,1.5499999528571429,0.0,0.0
748089,2017-08-26,2017-08-26,936,110982,40-44,F,16,18,21,38759.0,9,10.84999967,1.0,0.0,0.0232204133233571,1.205555518888889,0.0,0.0
748225,2017-08-26,2017-08-26,936,111005,45-49,F,15,16,17,18602.0,5,8.860000134,1.0,0.0,0.0268788302333082,1.7720000268,0.0,0.0
748231,2017-08-27,2017-08-27,936,111006,45-49,F,16,18,21,25194.0,6,7.349999905,1.0,0.0,0.0238151940938318,1.2249999841666666,0.0,0.0
748233,2017-08-27,2017-08-27,936,111006,45-49,F,16,22,18,78627.0,19,26.53000045,1.0,0.0,0.0241647271293576,1.3963158131578948,0.0,0.0
748235,2017-08-26,2017-08-26,936,111006,45-49,F,16,18,19,102695.0,25,39.42999983,3.0,0.0,0.0243439310579872,1.5771999932,0.0,0.0
748294,2017-08-26,2017-08-26,936,111016,45-49,F,27,32,31,82827.0,24,47.93000031,3.0,0.0,0.0289760585316382,1.99708334625,0.0,0.0
748295,2017-08-26,2017-08-26,936,111016,45-49,F,27,31,32,9240.0,3,6.039999962,1.0,0.0,0.0324675324675324,2.0133333206666664,0.0,0.0
748303,2017-08-25,2017-08-25,936,111018,45-49,F,29,32,33,7706.0,2,2.369999886,1.0,0.0,0.0259538022320269,1.184999943,0.0,0.0
748341,2017-08-25,2017-08-25,936,111024,45-49,F,64,67,68,1363.0,0,0.0,1.0,1.0,0.0,0.0,0.0,0.0
776318,2017-08-25,2017-08-25,936,115484,45-49,F,15,16,19,3569.0,0,0.0,1.0,1.0,0.0,0.0,0.0,0.0
776322,2017-08-25,2017-08-25,936,115485,45-49,F,16,21,20,119063.0,34,53.21999949,1.0,0.0,0.0285563105246802,1.5652941026470588,0.0,0.0
776323,2017-08-26,2017-08-26,936,115485,45-49,F,16,17,18,99078.0,23,35.79999948,2.0,0.0,0.0232140333878358,1.556521716521739,0.0,0.0
776325,2017-08-26,2017-08-26,936,115485,45-49,F,16,19,20,452398.0,114,180.2200012,1.0,0.0,0.0251990503936799,1.580877203508772,0.0,0.0
776334,2017-08-26,2017-08-26,936,115487,45-49,F,10,12,16,191223.0,48,76.41000056,1.0,0.0,0.0251015829685759,1.591875011666667,0.0,0.0
776336,2017-08-26,2017-08-26,936,115487,45-49,F,10,15,14,22216.0,6,9.549999952,1.0,0.0,0.0270075621173928,1.5916666586666668,0.0,0.0
776338,2017-08-23,2017-08-23,936,115487,45-49,F,10,12,11,48291.0,11,18.01999998,1.0,0.0,0.0227785715764842,1.6381818163636366,0.0,0.0
776353,2017-08-23,2017-08-23,936,115490,40-44,F,63,66,67,27559.0,8,13.37,1.0,0.0,0.0290286294858304,1.67125,0.0,0.0
776383,2017-08-21,2017-08-21,936,115495,45-49,F,23,27,29,1168.0,0,0.0,1.0,1.0,0.0,0.0,0.0,0.0
776405,2017-08-21,2017-08-21,936,115498,45-49,F,21,25,22,40126.0,16,25.86000001,1.0,0.0,0.0398743956536908,1.616250000625,0.0,0.0
776430,2017-08-22,2017-08-22,936,115503,30-34,M,10,14,16,3200.0,0,0.0,1.0,0.0,0.0,0.0,0.0,0.0
776475,2017-08-21,2017-08-21,936,115510,30-34,M,16,21,20,16425.0,1,1.549999952,1.0,0.0,0.0060882800608828,1.549999952,0.0,0.0
776476,2017-08-21,2017-08-21,936,115510,30-34,M,16,17,18,43756.0,5,5.439999938,0.0,0.0,0.0114270042965536,1.0879999876,0.0,0.0
776477,2017-08-21,2017-08-21,936,115510,30-34,M,16,22,17,9982.0,0,0.0,1.0,0.0,0.0,0.0,0.0,0.0
776489,2017-08-21,2017-08-21,936,115512,45-49,F,26,31,28,175389.0,55,81.60999787,1.0,0.0,0.0313588651511782,1.4838181430909092,0.0,0.0
776494,2017-08-21,2017-08-21,936,115513,30-34,M,15,16,16,7015.0,0,0.0,1.0,0.0,0.0,0.0,0.0,0.0
776519,2017-08-21,2017-08-21,936,115517,45-49,F,65,71,67,70702.0,20,31.7099998,1.0,0.0,0.0282877429209923,1.58549999,0.0,0.0
776533,2017-08-21,2017-08-21,936,115520,45-49,F,63,64,68,63927.0,16,25.52000046,2.0,0.0,0.0250285481877766,1.59500002875,0.0,0.0
776534,2017-08-21,2017-08-21,936,115520,45-49,F,63,69,67,15105.0,3,4.25999999,1.0,0.0,0.0198609731876861,1.4199999966666663,0.0,0.0
776538,2017-08-21,2017-08-21,936,115521,30-34,F,15,16,19,8774.0,1,1.830000043,1.0,0.0,0.0113973102347845,1.830000043,0.0,0.0
776551,2017-08-21,2017-08-21,936,115523,30-34,F,16,18,22,14459.0,1,1.389999986,1.0,0.0,0.0069161076146344,1.389999986,0.0,0.0
776552,2017-08-22,2017-08-22,936,115523,30-34,F,16,17,18,21596.0,2,2.809999943,1.0,0.0,0.0092609742544915,1.4049999715,0.0,0.0
776553,2017-08-22,2017-08-22,936,115523,30-34,F,16,21,17,66765.0,8,11.04999971,1.0,0.0,0.0119823260690481,1.38124996375,0.0,0.0
776563,2017-08-23,2017-08-23,936,115525,30-34,F,7,9,13,1369.0,0,0.0,1.0,1.0,0.0,0.0,0.0,0.0
776579,2017-08-23,2017-08-23,936,115527,30-34,F,10,13,14,26910.0,5,7.229999781,1.0,0.0,0.018580453363062,1.4459999562,0.0,0.0
776603,2017-08-23,2017-08-23,936,115531,30-34,F,2,3,6,506.0,0,0.0,1.0,0.0,0.0,0.0,0.0,0.0
776615,2017-08-23,2017-08-23,936,115533,45-49,M,63,66,68,11988.0,3,4.269999862,1.0,0.0,0.025025025025025,1.4233332873333333,0.0,0.0
776631,2017-08-23,2017-08-23,936,115536,40-44,M,29,35,33,10960.0,2,2.890000105,1.0,0.0,0.0182481751824817,1.4450000525,0.0,0.0
776659,2017-08-23,2017-08-23,936,115541,30-34,M,16,19,22,8817.0,0,0.0,1.0,1.0,0.0,0.0,0.0,0.0
776661,2017-08-23,2017-08-23,936,115541,30-34,M,16,18,22,15466.0,1,0.970000029,1.0,0.0,0.0064657959394801,0.970000029,0.0,0.0
776662,2017-08-22,2017-08-22,936,115541,30-34,M,16,18,22,27072.0,3,4.370000005,1.0,0.0,0.0110815602836879,1.4566666683333331,0.0,0.0
776685,2017-08-22,2017-08-22,936,115545,40-44,M,16,22,17,7745.0,0,0.0,1.0,0.0,0.0,0.0,0.0,0.0
776686,2017-08-22,2017-08-22,936,115545,40-44,M,16,17,21,18709.0,2,3.319999933,1.0,0.0,0.0106900422256667,1.6599999665,0.0,0.0
776687,2017-08-23,2017-08-23,936,115545,40-44,M,16,20,20,8022.0,0,0.0,2.0,1.0,0.0,0.0,0.0,0.0
776697,2017-08-22,2017-08-22,936,115547,30-34,M,10,14,13,4132.0,0,0.0,1.0,1.0,0.0,0.0,0.0,0.0
776722,2017-08-27,2017-08-27,936,115551,30-34,M,2,4,7,545.0,0,0.0,1.0,1.0,0.0,0.0,0.0,0.0
776725,2017-08-22,2017-08-22,936,115552,40-44,M,23,26,27,2479.0,1,1.25999999,1.0,0.0,0.0403388463089955,1.25999999,0.0,0.0
776780,2017-08-22,2017-08-22,936,115561,40-44,M,2,4,3,3812.0,2,3.049999952,1.0,0.0,0.0524658971668415,1.524999976,0.0,0.0
776793,2017-08-22,2017-08-22,936,115563,45-49,M,21,23,26,1609.0,0,0.0,1.0,0.0,0.0,0.0,0.0,0.0
776817,2017-08-22,2017-08-22,936,115567,40-44,M,10,14,16,12356.0,4,6.279999971,1.0,0.0,0.0323729362253156,1.56999999275,0.0,0.0
776825,2017-08-23,2017-08-23,936,115568,45-49,M,18,23,20,7410.0,1,1.210000038,1.0,0.0,0.0134952766531713,1.210000038,0.0,0.0
776829,2017-08-23,2017-08-23,936,115569,45-49,M,16,20,19,140098.0,28,46.63000011,1.0,0.0,0.0199860097931448,1.6653571467857142,0.0,0.0
776831,2017-08-22,2017-08-22,936,115569,45-49,M,16,18,20,107021.0,20,34.44000012,1.0,0.0,0.0186879210622214,1.722000006,0.0,0.0
776840,2017-08-22,2017-08-22,936,115571,35-39,M,36,38,40,2797.0,1,1.289999962,1.0,0.0,0.0357525920629245,1.289999962,0.0,0.0
776861,2017-08-22,2017-08-22,936,115574,45-49,M,7,9,12,16461.0,6,9.21999979,1.0,0.0,0.0364497904137051,1.5366666316666666,0.0,0.0
776892,2017-08-30,2017-08-30,936,115580,40-44,M,63,66,69,17488.0,5,7.719999909,1.0,0.0,0.028591033851784,1.5439999818,0.0,0.0
776935,2017-08-30,2017-08-30,936,115587,45-49,M,36,41,38,1136.0,0,0.0,1.0,1.0,0.0,0.0,0.0,0.0
777130,2017-08-30,2017-08-30,936,115619,35-39,M,16,21,22,6260.0,0,0.0,1.0,0.0,0.0,0.0,0.0,0.0
777131,2017-08-22,2017-08-22,936,115619,35-39,M,16,19,21,6359.0,0,0.0,1.0,0.0,0.0,0.0,0.0,0.0
777166,2017-08-30,2017-08-30,936,115625,30-34,M,63,69,65,2383.0,0,0.0,1.0,1.0,0.0,0.0,0.0,0.0
777198,2017-08-30,2017-08-30,936,115631,30-34,M,64,70,69,12729.0,4,5.779999852,1.0,0.0,0.0314243067012334,1.444999963,0.0,0.0
777200,2017-08-23,2017-08-23,936,115631,30-34,M,64,69,70,1898.0,0,0.0,1.0,1.0,0.0,0.0,0.0,0.0
777201,2017-08-23,2017-08-23,936,115631,30-34,M,64,69,65,1882.0,0,0.0,1.0,1.0,0.0,0.0,0.0,0.0
777248,2017-08-24,2017-08-24,936,115639,30-34,F,7,9,10,3989.0,1,1.279999971,1.0,0.0,0.0250689395838556,1.279999971,0.0,0.0
777382,2017-08-25,2017-08-25,936,115675,40-44,M,24,26,27,3047.0,1,1.379999995,1.0,0.0,0.0328191663931736,1.379999995,0.0,0.0
777482,2017-08-25,2017-08-25,936,115691,45-49,M,28,32,32,2479.0,0,0.0,1.0,0.0,0.0,0.0,0.0,0.0
777495,2017-08-25,2017-08-25,936,115693,40-44,M,19,25,25,19581.0,7,10.42999983,2.0,0.0,0.0357489402992697,1.4899999757142857,0.0,0.0
777519,2017-08-24,2017-08-24,936,115697,45-49,M,29,34,32,19537.0,5,6.099999905,1.0,0.0,0.0255924655781337,1.219999981,0.0,0.0
777625,2017-08-24,2017-08-24,936,115715,45-49,M,16,17,19,59433.0,12,19.65999949,3.0,0.0,0.0201908030891928,1.6383332908333337,0.0,0.0
777627,2017-08-23,2017-08-23,936,115715,45-49,M,16,17,19,157534.0,33,56.19000077,2.0,0.0,0.0209478588749095,1.702727296060606,0.0,0.0
777638,2017-08-23,2017-08-23,936,115717,40-44,M,7,10,12,1781.0,0,0.0,1.0,1.0,0.0,0.0,0.0,0.0
777670,2017-08-23,2017-08-23,936,115723,40-44,M,16,19,19,23769.0,4,6.029999852,1.0,0.0,0.0168286423492784,1.507499963,0.0,0.0
777673,2017-08-23,2017-08-23,936,115723,40-44,M,16,18,17,7101.0,0,0.0,1.0,0.0,0.0,0.0,0.0,0.0
777758,2017-08-24,2017-08-24,936,115737,30-34,M,19,20,20,5209.0,1,0.959999979,2.0,0.0,0.0191975427145325,0.959999979,0.0,0.0
777794,2017-08-24,2017-08-24,936,115743,30-34,M,18,23,24,13473.0,3,2.619999945,3.0,0.0,0.0222667557336896,0.873333315,0.0,0.0
777816,2017-08-23,2017-08-23,936,115747,40-44,M,2,7,7,500.0,0,0.0,1.0,1.0,0.0,0.0,0.0,0.0
777871,2017-08-23,2017-08-23,936,115756,30-34,M,20,26,23,4616.0,1,1.360000014,1.0,0.0,0.0216637781629116,1.360000014,0.0,0.0
777904,2017-08-30,2017-08-30,936,115762,30-34,M,31,32,33,3279.0,0,0.0,1.0,0.0,0.0,0.0,0.0,0.0
777905,2017-08-30,2017-08-30,936,115762,30-34,M,31,36,36,3288.0,0,0.0,1.0,0.0,0.0,0.0,0.0,0.0
778037,2017-08-28,2017-08-28,936,115784,35-39,M,27,29,28,14615.0,4,6.050000191,1.0,0.0,0.0273691412931919,1.51250004775,0.0,0.0
778048,2017-08-28,2017-08-28,936,115786,30-34,M,27,28,29,56615.0,12,19.88000035,2.0,0.0,0.0211957961670935,1.6566666958333334,0.0,0.0
778087,2017-08-28,2017-08-28,936,115792,30-34,M,26,30,32,15910.0,5,6.779999852,1.0,0.0,0.0314267756128221,1.3559999704,0.0,0.0
778113,2017-08-28,2017-08-28,936,115796,35-39,M,29,35,35,4595.0,0,0.0,1.0,0.0,0.0,0.0,0.0,0.0
778124,2017-08-28,2017-08-28,936,115798,30-34,M,29,34,32,4871.0,0,0.0,1.0,0.0,0.0,0.0,0.0,0.0
778148,2017-08-28,2017-08-28,936,115802,35-39,M,28,32,30,3199.0,0,0.0,1.0,0.0,0.0,0.0,0.0,0.0
778156,2017-08-28,2017-08-28,936,115804,30-34,M,28,32,31,9388.0,2,3.140000105,1.0,0.0,0.0213037920749893,1.5700000525,0.0,0.0
778208,2017-08-27,2017-08-27,936,115812,40-44,F,29,32,32,2755.0,0,0.0,1.0,0.0,0.0,0.0,0.0,0.0
778264,2017-08-27,2017-08-27,936,115822,40-44,F,27,31,30,8152.0,1,0.99000001,1.0,0.0,0.0122669283611383,0.99000001,0.0,0.0
778266,2017-08-27,2017-08-27,936,115822,40-44,F,27,32,28,74542.0,19,34.1500001,1.0,0.0,0.0254889860749644,1.7973684263157894,0.0,0.0
778421,2017-08-27,2017-08-27,936,115848,40-44,F,20,21,23,6699.0,2,3.090000033,1.0,0.0,0.0298552022689953,1.5450000165,0.0,0.0
778422,2017-08-27,2017-08-27,936,115848,40-44,F,20,25,24,11911.0,4,3.959999919,1.0,0.0,0.0335824028209218,0.98999997975,0.0,0.0
778471,2017-08-27,2017-08-27,936,115856,30-34,M,32,35,36,1273.0,0,0.0,1.0,1.0,0.0,0.0,0.0,0.0
778483,2017-08-27,2017-08-27,936,115858,40-44,F,18,24,20,24188.0,5,8.179999828,1.0,0.0,0.0206714073094096,1.6359999656,0.0,0.0
778529,2017-08-27,2017-08-27,936,115866,30-34,M,31,35,33,2214.0,0,0.0,1.0,0.0,0.0,0.0,0.0,0.0
778590,2017-08-28,2017-08-28,936,115876,30-34,M,30,36,36,1371.0,0,0.0,1.0,1.0,0.0,0.0,0.0,0.0
778600,2017-08-29,2017-08-29,936,115878,40-44,F,22,23,25,10750.0,4,5.389999866,1.0,0.0,0.0372093023255813,1.3474999665,0.0,0.0
778628,2017-08-29,2017-08-29,936,115882,30-34,M,29,35,30,4608.0,0,0.0,1.0,0.0,0.0,0.0,0.0,0.0
778674,2017-08-29,2017-08-29,936,115890,35-39,M,29,31,30,3732.0,0,0.0,1.0,0.0,0.0,0.0,0.0,0.0
778722,2017-08-30,2017-08-30,936,115898,35-39,F,64,70,67,41785.0,14,19.10000038,1.0,0.0,0.0335048462366878,1.3642857414285714,0.0,0.0
778756,2017-08-30,2017-08-30,936,115904,35-39,F,63,65,65,5602.0,1,1.580000043,1.0,0.0,0.017850767583006,1.580000043,0.0,0.0
778808,2017-08-29,2017-08-29,936,115912,30-34,M,26,28,29,1738.0,0,0.0,1.0,0.0,0.0,0.0,0.0,0.0
778964,2017-08-29,2017-08-29,936,115938,35-39,F,27,33,28,112460.0,25,41.29000068,1.0,0.0,0.0222301262671172,1.6516000272,0.0,0.0
779057,2017-08-29,2017-08-29,936,115954,40-44,M,15,21,21,4414.0,0,0.0,1.0,0.0,0.0,0.0,0.0,0.0
779106,2017-08-28,2017-08-28,936,115962,35-39,F,30,35,36,14670.0,7,9.410000324,1.0,0.0,0.0477164280845262,1.344285760571429,0.0,0.0
779438,2017-08-28,2017-08-28,936,116031,30-34,F,64,66,69,33144.0,9,13.40999985,1.0,0.0,0.0271542360608254,1.4899999833333333,0.0,0.0
779453,2017-08-29,2017-08-29,936,116033,45-49,M,64,68,70,4397.0,1,0.949999988,1.0,0.0,0.0227427791676142,0.949999988,0.0,0.0
779488,2017-08-29,2017-08-29,936,116039,45-49,M,65,68,69,1006.0,0,0.0,1.0,0.0,0.0,0.0,0.0,0.0
779573,2017-08-29,2017-08-29,936,116053,35-39,F,10,13,16,89527.0,24,32.28999996,1.0,0.0,0.0268075552626581,1.345416665,0.0,0.0
779608,2017-08-29,2017-08-29,936,116059,35-39,F,15,18,16,2459.0,0,0.0,1.0,0.0,0.0,0.0,0.0,0.0
779622,2017-08-29,2017-08-29,936,116061,30-34,F,15,18,17,8613.0,1,0.889999986,2.0,0.0,0.0116103564379426,0.889999986,0.0,0.0
779631,2017-08-19,2017-08-19,936,116063,35-39,F,16,19,18,9730.0,1,1.379999995,1.0,0.0,0.0102774922918807,1.379999995,0.0,0.0
779645,2017-08-22,2017-08-22,936,116065,30-34,F,16,21,20,27289.0,3,4.429999828,1.0,0.0,0.0109934405804536,1.4766666093333332,0.0,0.0
779715,2017-08-22,2017-08-22,936,116077,30-34,F,29,32,33,20409.0,4,3.829999924,1.0,0.0,0.0195991964329462,0.957499981,0.0,0.0
779716,2017-08-22,2017-08-22,936,116077,30-34,F,29,32,34,8044.0,1,1.110000014,1.0,0.0,0.0124316260566882,1.110000014,0.0,0.0
779738,2017-08-22,2017-08-22,936,116081,30-34,F,28,32,33,15645.0,4,5.349999905,1.0,0.0,0.0255672738894215,1.33749997625,0.0,0.0
779778,2017-08-22,2017-08-22,936,116087,30-34,F,31,37,34,2466.0,0,0.0,2.0,2.0,0.0,0.0,0.0,0.0
779824,2017-08-22,2017-08-22,936,116095,45-49,M,7,13,9,9375.0,3,4.019999981,1.0,0.0,0.032,1.3399999936666669,0.0,0.0
779918,2017-08-22,2017-08-22,936,116111,30-34,F,18,23,24,8469.0,2,3.089999914,1.0,0.0,0.0236155390246782,1.544999957,0.0,0.0
779944,2017-08-21,2017-08-21,936,116115,35-39,M,10,13,16,2549.0,0,0.0,1.0,0.0,0.0,0.0,0.0,0.0
779979,2017-08-21,2017-08-21,936,116121,35-39,M,16,17,21,25817.0,4,6.019999981,1.0,0.0,0.0154936669636286,1.50499999525,0.0,0.0
779995,2017-08-21,2017-08-21,936,116123,30-34,F,20,24,25,1961.0,0,0.0,1.0,0.0,0.0,0.0,0.0,0.0
780064,2017-08-21,2017-08-21,936,116135,30-34,F,22,24,25,2554.0,0,0.0,1.0,0.0,0.0,0.0,0.0,0.0
780199,2017-08-22,2017-08-22,936,116163,35-39,F,23,28,27,1030.0,0,0.0,1.0,1.0,0.0,0.0,0.0,0.0
780318,2017-08-22,2017-08-22,936,116183,45-49,F,29,32,31,162341.0,56,77.07999969,3.0,0.0,0.0344952907768216,1.376428565892857,0.0,0.0
780323,2017-08-21,2017-08-21,936,116183,45-49,F,29,35,34,24542.0,7,9.329999924,1.0,0.0,0.0285225328009127,1.3328571319999998,0.0,0.0
780486,2017-08-21,2017-08-21,936,116216,30-34,F,65,69,71,2879.0,0,0.0,1.0,1.0,0.0,0.0,0.0,0.0
780498,2017-08-22,2017-08-22,936,116218,30-34,F,64,65,68,13621.0,3,4.090000033,1.0,0.0,0.0220248146244769,1.3633333443333333,0.0,0.0
780629,2017-08-24,2017-08-24,936,116240,30-34,F,28,34,34,2963.0,0,0.0,1.0,0.0,0.0,0.0,0.0,0.0
780666,2017-08-24,2017-08-24,936,116246,45-49,F,10,13,13,3462.0,0,0.0,1.0,0.0,0.0,0.0,0.0,0.0
780681,2017-08-24,2017-08-24,936,116248,30-34,F,26,29,29,4073.0,0,0.0,1.0,1.0,0.0,0.0,0.0,0.0
780700,2017-08-18,2017-08-18,936,116252,30-34,F,27,33,30,3745.0,0,0.0,1.0,0.0,0.0,0.0,0.0,0.0
780748,2017-08-18,2017-08-18,936,116265,30-34,F,24,26,28,830.0,0,0.0,1.0,0.0,0.0,0.0,0.0,0.0
780759,2017-08-18,2017-08-18,936,116267,45-49,F,18,24,22,2912.0,0,0.0,1.0,0.0,0.0,0.0,0.0,0.0
780760,2017-08-24,2017-08-24,936,116267,45-49,F,18,23,22,17167.0,5,6.910000086,1.0,0.0,0.029125648045669,1.3820000172,0.0,0.0
780797,2017-08-24,2017-08-24,936,116273,30-34,F,22,25,25,24491.0,7,9.539999962,1.0,0.0,0.0285819280552039,1.3628571374285714,0.0,0.0
780799,2017-08-23,2017-08-23,936,116273,30-34,F,22,24,26,44699.0,13,17.30000037,2.0,0.0,0.0290834246851159,1.3307692592307692,0.0,0.0
780821,2017-08-23,2017-08-23,936,116277,30-34,F,23,24,25,6469.0,2,1.309999943,1.0,0.0,0.0309166795486164,0.6549999715,0.0,0.0
780867,2017-08-23,2017-08-23,936,116285,30-34,F,21,27,26,4706.0,1,1.220000029,1.0,0.0,0.0212494687632809,1.220000029,0.0,0.0
781066,2017-08-23,2017-08-23,936,116323,40-44,F,22,26,25,5794.0,2,2.269999981,1.0,0.0,0.0345184673800483,1.1349999905,0.0,0.0
781114,2017-08-23,2017-08-23,936,116331,40-44,F,18,24,22,4813.0,1,1.029999971,1.0,0.0,0.0207770621234157,1.029999971,0.0,0.0
781159,2017-08-23,2017-08-23,936,116339,40-44,F,10,15,11,85285.0,26,36.13000035,1.0,0.0,0.030486017470833,1.3896153980769232,0.0,0.0
781162,2017-08-21,2017-08-21,936,116339,40-44,F,10,11,13,5839.0,1,1.370000005,1.0,0.0,0.0171262202431923,1.370000005,0.0,0.0
781175,2017-08-21,2017-08-21,936,116341,40-44,F,15,16,21,5859.0,1,1.539999962,1.0,0.0,0.0170677590032428,1.539999962,0.0,0.0
781187,2017-08-18,2017-08-18,936,116343,40-44,F,16,22,19,164118.0,41,59.06999993,1.0,0.0,0.0249820251282613,1.4407317056097562,0.0,0.0
781195,2017-08-18,2017-08-18,936,116345,35-39,F,63,67,69,18234.0,6,7.810000062,1.0,0.0,0.0329055610398157,1.301666677,0.0,0.0
781207,2017-08-18,2017-08-18,936,116347,35-39,F,64,67,70,2755.0,0,0.0,1.0,0.0,0.0,0.0,0.0,0.0
781303,2017-08-19,2017-08-19,936,116363,35-39,F,27,29,30,73676.0,20,28.5,1.0,0.0,0.0271458819697051,1.425,0.0,0.0
781305,2017-08-19,2017-08-19,936,116363,35-39,F,27,30,28,18421.0,7,10.07999992,1.0,0.0,0.0380001085717387,1.4399999885714287,0.0,0.0
781354,2017-08-19,2017-08-19,936,116371,35-39,F,10,14,16,6424.0,1,0.529999971,1.0,0.0,0.0155666251556662,0.529999971,0.0,0.0
781438,2017-08-18,2017-08-18,936,116385,30-34,M,63,65,68,2086.0,0,0.0,1.0,0.0,0.0,0.0,0.0,0.0
781470,2017-08-18,2017-08-18,936,116391,35-39,M,16,17,18,6016.0,0,0.0,1.0,0.0,0.0,0.0,0.0,0.0
781499,2017-08-18,2017-08-18,936,116395,35-39,M,15,21,20,6412.0,1,1.370000005,1.0,0.0,0.0155957579538365,1.370000005,0.0,0.0
781508,2017-08-24,2017-08-24,936,116397,30-34,F,63,68,64,5040.0,1,1.440000057,1.0,0.0,0.0198412698412698,1.440000057,0.0,0.0
781556,2017-08-24,2017-08-24,936,116405,30-34,F,32,37,36,1772.0,0,0.0,1.0,0.0,0.0,0.0,0.0,0.0
781559,2017-08-18,2017-08-18,936,116405,30-34,F,32,38,34,1783.0,0,0.0,1.0,0.0,0.0,0.0,0.0,0.0
781606,2017-08-18,2017-08-18,936,116413,35-39,M,20,21,24,8200.0,3,3.919999957,1.0,0.0,0.0365853658536585,1.3066666523333332,0.0,0.0
781690,2017-08-18,2017-08-18,936,116427,45-49,F,26,28,30,115896.0,38,49.44000006,1.0,0.0,0.0327880168426865,1.3010526331578949,0.0,0.0
781857,2017-08-18,2017-08-18,936,116455,30-34,M,20,21,24,9134.0,3,4.180000067,2.0,0.0,0.0328443179329975,1.3933333556666667,0.0,0.0
781907,2017-08-19,2017-08-19,936,116463,45-49,F,21,27,23,1314.0,0,0.0,1.0,0.0,0.0,0.0,0.0,0.0
781928,2017-08-19,2017-08-19,936,116467,30-34,M,18,21,22,2916.0,0,0.0,1.0,1.0,0.0,0.0,0.0,0.0
781929,2017-08-20,2017-08-20,936,116467,30-34,M,18,21,21,6142.0,1,1.330000043,1.0,0.0,0.0162813415825464,1.330000043,0.0,0.0
781950,2017-08-20,2017-08-20,936,116471,30-34,F,20,26,21,1984.0,0,0.0,1.0,0.0,0.0,0.0,0.0,0.0
781999,2017-08-20,2017-08-20,936,116479,30-34,M,24,30,29,9142.0,3,3.749999881,1.0,0.0,0.0328155764602931,1.2499999603333334,0.0,0.0
782026,2017-08-21,2017-08-21,936,116483,30-34,F,18,24,20,5704.0,1,1.320000052,1.0,0.0,0.017531556802244,1.320000052,0.0,0.0
782130,2017-08-21,2017-08-21,936,116501,30-34,F,16,18,21,7301.0,0,0.0,1.0,0.0,0.0,0.0,0.0,0.0
782171,2017-08-20,2017-08-20,936,116507,30-34,F,30,31,32,535.0,0,0.0,1.0,0.0,0.0,0.0,0.0,0.0
782180,2017-08-19,2017-08-19,936,116509,30-34,M,29,34,30,3396.0,0,0.0,1.0,0.0,0.0,0.0,0.0,0.0
782219,2017-08-19,2017-08-19,936,116515,30-34,M,26,27,32,977.0,0,0.0,1.0,0.0,0.0,0.0,0.0,0.0
782242,2017-08-19,2017-08-19,936,116519,30-34,F,28,34,31,4783.0,1,0.860000014,1.0,0.0,0.0209073803052477,0.860000014,0.0,0.0
782275,2017-08-19,2017-08-19,936,116525,30-34,F,29,31,30,6475.0,1,1.350000024,1.0,0.0,0.0154440154440154,1.350000024,0.0,0.0
782407,2017-08-20,2017-08-20,936,116547,45-49,F,10,12,11,33664.0,11,12.51000035,1.0,0.0,0.0326758555133079,1.137272759090909,0.0,0.0
782443,2017-08-20,2017-08-20,936,116553,40-44,F,20,25,24,979.0,0,0.0,1.0,0.0,0.0,0.0,0.0,0.0
782541,2017-08-20,2017-08-20,936,116569,40-44,F,28,29,30,7337.0,3,4.079999924,1.0,0.0,0.040888646585798,1.3599999746666669,0.0,0.0
782587,2017-08-18,2017-08-18,936,116577,30-34,M,10,13,16,2499.0,0,0.0,1.0,0.0,0.0,0.0,0.0,0.0
782647,2017-08-18,2017-08-18,936,116587,40-44,F,27,33,30,11244.0,3,4.550000191,1.0,0.0,0.0266808964781216,1.5166667303333332,0.0,0.0
782658,2017-08-23,2017-08-23,936,116589,30-34,M,15,17,19,4827.0,0,0.0,1.0,0.0,0.0,0.0,0.0,0.0
782706,2017-08-23,2017-08-23,936,116597,35-39,F,30,32,32,761.0,0,0.0,1.0,0.0,0.0,0.0,0.0,0.0
782754,2017-08-23,2017-08-23,936,116605,35-39,F,26,31,32,6532.0,1,1.610000014,1.0,0.0,0.0153092467850581,1.610000014,0.0,0.0
782815,2017-08-23,2017-08-23,936,116615,40-44,F,10,16,15,11537.0,3,4.300000191,1.0,0.0,0.0260032937505417,1.433333397,0.0,0.0
782816,2017-08-23,2017-08-23,936,116615,40-44,F,10,13,11,12183.0,3,2.869999945,1.0,0.0,0.0246244767298694,0.9566666483333334,0.0,0.0
950068,2017-08-23,2017-08-23,936,123438,30-34,M,10,12,13,4012.0,1,1.570000052,1.0,0.0,0.0249252243270189,1.570000052,0.0,0.0
950079,2017-08-22,2017-08-22,936,123440,30-34,M,16,20,22,3142.0,0,0.0,2.0,2.0,0.0,0.0,0.0,0.0
950099,2017-08-22,2017-08-22,936,123443,30-34,M,18,23,23,1120.0,0,0.0,1.0,0.0,0.0,0.0,0.0,0.0
950109,2017-08-22,2017-08-22,936,123445,30-34,M,20,24,22,343.0,0,0.0,1.0,1.0,0.0,0.0,0.0,0.0
950170,2017-08-22,2017-08-22,936,123455,30-34,M,15,19,16,1720.0,0,0.0,1.0,1.0,0.0,0.0,0.0,0.0
950179,2017-08-22,2017-08-22,936,123457,30-34,M,16,22,19,3423.0,0,0.0,1.0,1.0,0.0,0.0,0.0,0.0
950182,2017-08-22,2017-08-22,936,123457,30-34,M,16,20,19,3242.0,0,0.0,1.0,0.0,0.0,0.0,0.0,0.0
950183,2017-08-22,2017-08-22,936,123457,30-34,M,16,22,19,15720.0,1,1.379999995,1.0,0.0,0.0063613231552162,1.379999995,0.0,0.0
950200,2017-08-22,2017-08-22,936,123460,30-34,M,10,13,15,1217.0,0,0.0,1.0,1.0,0.0,0.0,0.0,0.0
950326,2017-08-22,2017-08-22,936,123481,35-39,M,16,19,22,6607.0,1,1.320000052,2.0,0.0,0.0151354623883759,1.320000052,0.0,0.0
950345,2017-08-23,2017-08-23,936,123484,30-34,M,64,66,65,616.0,0,0.0,1.0,0.0,0.0,0.0,0.0,0.0
950452,2017-08-23,2017-08-23,936,123502,45-49,M,16,22,22,5537.0,1,1.519999981,1.0,0.0,0.0180603214737222,1.519999981,0.0,0.0
950463,2017-08-19,2017-08-19,936,123504,45-49,M,15,19,18,818.0,0,0.0,1.0,0.0,0.0,0.0,0.0,0.0
950495,2017-08-19,2017-08-19,936,123509,45-49,M,21,25,25,1909.0,1,0.980000019,1.0,0.0,0.0523834468308014,0.980000019,0.0,0.0
950521,2017-08-18,2017-08-18,936,123514,30-34,M,21,27,25,351.0,0,0.0,1.0,0.0,0.0,0.0,0.0,0.0
950531,2017-08-19,2017-08-19,936,123515,45-49,M,22,24,26,572.0,0,0.0,1.0,0.0,0.0,0.0,0.0,0.0
950537,2017-08-19,2017-08-19,936,123516,40-44,M,36,41,40,1884.0,1,1.409999967,1.0,0.0,0.0530785562632696,1.409999967,0.0,0.0
950550,2017-08-19,2017-08-19,936,123519,30-34,M,30,35,36,219.0,0,0.0,1.0,0.0,0.0,0.0,0.0,0.0
950577,2017-08-19,2017-08-19,936,123523,30-34,M,32,38,34,540.0,0,0.0,1.0,1.0,0.0,0.0,0.0,0.0
950578,2017-08-19,2017-08-19,936,123523,30-34,M,32,37,37,550.0,0,0.0,1.0,0.0,0.0,0.0,0.0,0.0
950595,2017-08-18,2017-08-18,936,123526,30-34,M,26,30,31,465.0,0,0.0,1.0,0.0,0.0,0.0,0.0,0.0
950609,2017-08-18,2017-08-18,936,123528,30-34,M,29,31,35,1761.0,0,0.0,1.0,1.0,0.0,0.0,0.0,0.0
950629,2017-08-23,2017-08-23,936,123532,30-34,M,65,67,68,152.0,0,0.0,1.0,1.0,0.0,0.0,0.0,0.0
950631,2017-08-23,2017-08-23,936,123532,30-34,M,65,70,70,152.0,0,0.0,1.0,1.0,0.0,0.0,0.0,0.0
950649,2017-08-23,2017-08-23,936,123535,30-34,M,64,67,70,429.0,0,0.0,1.0,0.0,0.0,0.0,0.0,0.0
950745,2017-08-18,2017-08-18,936,123551,30-34,M,29,32,31,1514.0,0,0.0,2.0,2.0,0.0,0.0,0.0,0.0
950772,2017-08-18,2017-08-18,936,123556,35-39,M,28,30,33,460.0,0,0.0,1.0,0.0,0.0,0.0,0.0,0.0
950773,2017-08-18,2017-08-18,936,123556,35-39,M,28,29,32,471.0,0,0.0,1.0,0.0,0.0,0.0,0.0,0.0
950776,2017-08-18,2017-08-18,936,123556,35-39,M,28,29,32,2633.0,1,1.070000052,1.0,0.0,0.0379794910748196,1.070000052,0.0,0.0
950787,2017-08-18,2017-08-18,936,123558,30-34,M,27,32,30,199.0,0,0.0,1.0,0.0,0.0,0.0,0.0,0.0
950808,2017-08-22,2017-08-22,936,123562,35-39,M,32,33,38,398.0,0,0.0,1.0,0.0,0.0,0.0,0.0,0.0
950839,2017-08-22,2017-08-22,936,123567,30-34,M,24,29,25,246.0,0,0.0,2.0,2.0,0.0,0.0,0.0,0.0
950969,2017-08-19,2017-08-19,936,123588,45-49,M,36,38,40,255.0,0,0.0,1.0,0.0,0.0,0.0,0.0,0.0
951021,2017-08-19,2017-08-19,936,123597,30-34,F,7,13,9,457.0,0,0.0,1.0,1.0,0.0,0.0,0.0,0.0
951033,2017-08-19,2017-08-19,936,123599,30-34,F,10,13,13,5517.0,1,1.230000019,1.0,0.0,0.0181257930034439,1.230000019,0.0,0.0
951035,2017-08-19,2017-08-19,936,123599,30-34,F,10,15,12,1539.0,0,0.0,1.0,1.0,0.0,0.0,0.0,0.0
951043,2017-08-19,2017-08-19,936,123601,30-34,F,16,22,17,3189.0,0,0.0,1.0,0.0,0.0,0.0,0.0,0.0
951045,2017-08-19,2017-08-19,936,123601,30-34,F,16,20,21,3348.0,0,0.0,1.0,0.0,0.0,0.0,0.0,0.0
951102,2017-08-19,2017-08-19,936,123611,45-49,M,16,18,19,2254.0,0,0.0,1.0,0.0,0.0,0.0,0.0,0.0
951133,2017-08-18,2017-08-18,936,123616,35-39,M,16,21,19,9948.0,2,2.720000029,2.0,0.0,0.0201045436268596,1.3600000145,0.0,0.0
951270,2017-08-18,2017-08-18,936,123639,35-39,F,18,21,19,784.0,0,0.0,1.0,1.0,0.0,0.0,0.0,0.0
951294,2017-08-19,2017-08-19,936,123643,35-39,F,15,16,17,699.0,0,0.0,1.0,0.0,0.0,0.0,0.0,0.0
951305,2017-08-19,2017-08-19,936,123644,35-39,F,10,12,13,1104.0,0,0.0,1.0,0.0,0.0,0.0,0.0,0.0
951334,2017-08-18,2017-08-18,936,123649,30-34,F,64,70,69,3717.0,1,1.539999962,1.0,0.0,0.0269034167339252,1.539999962,0.0,0.0
951392,2017-08-20,2017-08-20,936,123659,30-34,F,28,31,32,2749.0,1,1.389999986,1.0,0.0,0.0363768643142961,1.389999986,0.0,0.0
951400,2017-08-21,2017-08-21,936,123660,45-49,F,10,12,15,24028.0,9,12.39000034,2.0,0.0,0.0374563009821874,1.3766667044444445,0.0,0.0
951402,2017-08-21,2017-08-21,936,123661,30-34,F,29,32,31,1118.0,0,0.0,1.0,1.0,0.0,0.0,0.0,0.0
951413,2017-08-21,2017-08-21,936,123662,30-34,F,26,29,27,1083.0,0,0.0,2.0,1.0,0.0,0.0,0.0,0.0
951420,2017-08-21,2017-08-21,936,123664,30-34,F,27,33,32,843.0,0,0.0,1.0,0.0,0.0,0.0,0.0,0.0
951444,2017-08-21,2017-08-21,936,123668,30-34,F,25,28,26,2983.0,1,0.970000029,1.0,0.0,0.0335232986925913,0.970000029,0.0,0.0
951448,2017-08-22,2017-08-22,936,123668,30-34,F,25,30,28,696.0,0,0.0,1.0,0.0,0.0,0.0,0.0,0.0
951464,2017-08-21,2017-08-21,936,123671,45-49,F,16,17,21,20997.0,10,11.94999981,1.0,0.0,0.0476258513120922,1.194999981,0.0,0.0
951465,2017-08-21,2017-08-21,936,123671,45-49,F,16,18,17,4617.0,1,1.360000014,1.0,0.0,0.0216590859865713,1.360000014,0.0,0.0
951498,2017-08-21,2017-08-21,936,123677,45-49,F,20,22,21,259.0,0,0.0,1.0,0.0,0.0,0.0,0.0,0.0
951508,2017-08-21,2017-08-21,936,123678,30-34,F,18,21,22,1134.0,0,0.0,1.0,0.0,0.0,0.0,0.0,0.0
951542,2017-08-20,2017-08-20,936,123684,40-44,F,27,32,28,357.0,0,0.0,1.0,0.0,0.0,0.0,0.0,0.0
951607,2017-08-20,2017-08-20,936,123695,40-44,F,10,15,15,848.0,0,0.0,1.0,1.0,0.0,0.0,0.0,0.0
951608,2017-08-20,2017-08-20,936,123695,40-44,F,10,15,13,3149.0,1,1.480000019,1.0,0.0,0.0317561130517624,1.480000019,0.0,0.0
951641,2017-08-20,2017-08-20,936,123700,40-44,F,2,4,7,87.0,0,0.0,1.0,1.0,0.0,0.0,0.0,0.0
951677,2017-08-20,2017-08-20,936,123706,35-39,F,27,28,31,2563.0,1,1.480000019,1.0,0.0,0.0390167772142021,1.480000019,0.0,0.0
951692,2017-08-21,2017-08-21,936,123709,35-39,F,10,15,14,1107.0,0,0.0,1.0,0.0,0.0,0.0,0.0,0.0
951715,2017-08-20,2017-08-20,936,123713,45-49,F,64,65,65,10677.0,5,7.269999981,1.0,0.0,0.0468296337922637,1.4539999962,0.0,0.0
951756,2017-08-20,2017-08-20,936,123720,35-39,F,22,25,26,2189.0,1,0.409999996,1.0,0.0,0.0456829602558245,0.409999996,0.0,0.0
951779,2017-08-20,2017-08-20,936,123723,45-49,F,27,32,29,3277.0,2,2.680000067,1.0,0.0,0.0610314311870613,1.3400000335,0.0,0.0
951782,2017-08-24,2017-08-24,936,123724,45-49,F,26,30,29,781.0,0,0.0,1.0,0.0,0.0,0.0,0.0,0.0
951810,2017-08-24,2017-08-24,936,123729,35-39,F,16,17,22,2226.0,0,0.0,1.0,0.0,0.0,0.0,0.0,0.0
951812,2017-08-29,2017-08-29,936,123729,35-39,F,16,18,18,16274.0,4,6.079999924,2.0,0.0,0.0245790832001966,1.519999981,0.0,0.0
951853,2017-08-29,2017-08-29,936,123736,30-34,F,20,23,25,529.0,0,0.0,0.0,0.0,0.0,0.0,0.0,0.0
951854,2017-08-25,2017-08-25,936,123736,30-34,F,20,26,25,487.0,0,0.0,1.0,0.0,0.0,0.0,0.0,0.0
951856,2017-08-25,2017-08-25,936,123736,30-34,F,20,23,21,4626.0,2,2.099999905,2.0,0.0,0.0432338953739731,1.0499999525,0.0,0.0
952001,2017-08-25,2017-08-25,936,123760,45-49,F,10,12,13,5447.0,2,2.960000038,1.0,0.0,0.0367174591518266,1.480000019,0.0,0.0
952080,2017-08-29,2017-08-29,936,123774,40-44,F,27,30,30,415.0,0,0.0,1.0,0.0,0.0,0.0,0.0,0.0
952100,2017-08-29,2017-08-29,936,123777,35-39,F,29,31,30,810.0,0,0.0,1.0,1.0,0.0,0.0,0.0,0.0
1121094,2017-08-28,2017-08-28,1178,144531,30-34,M,10,16,15,24362.0,0,0.0,1.0,1.0,0.0,0.0,0.0,0.0
1121097,2017-08-29,2017-08-29,1178,144532,30-34,M,15,18,18,30068.0,1,1.820000052,1.0,0.0,0.0033257948649727,1.820000052,0.0,0.0
1121107,2017-08-26,2017-08-26,1178,144533,30-34,M,16,17,19,32616.0,1,1.539999962,2.0,0.0,0.0030659798871719,1.539999962,0.0,0.0
1121114,2017-08-27,2017-08-27,1178,144534,30-34,M,18,23,23,31349.0,2,3.800000072,1.0,0.0,0.0063797888289897,1.900000036,0.0,0.0
1121115,2017-08-26,2017-08-26,1178,144535,30-34,M,19,21,21,410310.0,55,96.80000055,3.0,0.0,0.0134044990373132,1.76000001,0.0,0.0
1121122,2017-08-25,2017-08-25,1178,144536,30-34,M,20,21,25,399199.0,58,103.1500002,3.0,0.0,0.0145290945117597,1.7784482793103449,0.0,0.0
1121126,2017-08-26,2017-08-26,1178,144536,30-34,M,20,21,24,45923.0,5,7.220000148,2.0,0.0,0.0108877904318097,1.4440000296,0.0,0.0
1121133,2017-08-21,2017-08-21,1178,144538,30-34,M,22,25,23,25002.0,1,1.710000038,1.0,0.0,0.0039996800255979,1.710000038,0.0,0.0
1121134,2017-08-21,2017-08-21,1178,144538,30-34,M,22,27,28,68905.0,5,9.440000057,1.0,0.0,0.0072563674624482,1.8880000114,0.0,0.0
1121136,2017-08-21,2017-08-21,1178,144538,30-34,M,22,26,26,169588.0,16,27.79999924,1.0,0.0,0.0094346298087128,1.7374999525,0.0,0.0
1121141,2017-08-21,2017-08-21,1178,144539,30-34,M,23,29,27,23198.0,2,2.980000019,1.0,0.0,0.008621432882145,1.4900000095,0.0,0.0
1121142,2017-08-21,2017-08-21,1178,144539,30-34,M,23,24,27,26890.0,2,3.24000001,1.0,0.0,0.0074377091855708,1.620000005,0.0,0.0
1121168,2017-08-19,2017-08-19,1178,144545,30-34,M,25,27,28,50523.0,6,8.549999952,1.0,0.0,0.0118757793480197,1.424999992,0.0,0.0
1121172,2017-08-20,2017-08-20,1178,144547,30-34,M,26,30,28,87935.0,9,15.63000023,1.0,0.0,0.0102348325467674,1.7366666922222225,0.0,0.0
1121173,2017-08-20,2017-08-20,1178,144547,30-34,M,26,31,32,278225.0,33,60.19999957,3.0,0.0,0.0118609039446491,1.8242424112121212,0.0,0.0
1121175,2017-08-20,2017-08-20,1178,144547,30-34,M,26,28,29,209461.0,20,34.19000006,1.0,0.0,0.0095483168704436,1.709500003,0.0,0.0
1121177,2017-08-20,2017-08-20,1178,144547,30-34,M,26,28,29,26316.0,2,3.24000001,3.0,0.0,0.0075999392004863,1.620000005,0.0,0.0
1121183,2017-08-21,2017-08-21,1178,144549,30-34,M,27,32,29,399392.0,53,93.07000041,5.0,0.0,0.0132701706594022,1.7560377435849055,0.0,0.0
1121184,2017-08-22,2017-08-22,1178,144549,30-34,M,27,31,29,283858.0,30,56.05999923,1.0,0.0,0.0105686646139971,1.868666641,0.0,0.0
1121195,2017-08-23,2017-08-23,1178,144552,30-34,M,28,34,33,38757.0,3,5.220000029,1.0,0.0,0.0077405371932812,1.7400000096666668,0.0,0.0
1121211,2017-08-23,2017-08-23,1178,144556,30-34,M,30,32,31,223586.0,32,54.24000037,1.0,0.0,0.0143121662358108,1.6950000115625,0.0,0.0
1121215,2017-08-22,2017-08-22,1178,144556,30-34,M,30,31,34,41636.0,3,4.210000038,1.0,0.0,0.0072053031030838,1.403333346,0.0,0.0
1121223,2017-08-22,2017-08-22,1178,144558,30-34,M,31,37,35,64020.0,5,11.0599997,1.0,0.0,0.0078100593564511,2.21199994,0.0,0.0
1121224,2017-08-23,2017-08-23,1178,144558,30-34,M,31,32,33,14289.0,0,0.0,1.0,0.0,0.0,0.0,0.0,0.0
1121229,2017-08-22,2017-08-22,1178,144561,30-34,M,32,36,37,404866.0,43,87.42000079,4.0,0.0,0.0106207979924221,2.033023274186047,0.0,0.0
1121233,2017-08-22,2017-08-22,1178,144561,30-34,M,32,34,36,57690.0,4,6.74000001,1.0,0.0,0.0069336106777604,1.6850000025,0.0,0.0
1121242,2017-08-27,2017-08-27,1178,144562,30-34,M,36,37,39,38900.0,3,5.580000043,1.0,0.0,0.0077120822622107,1.8600000143333333,0.0,0.0
1121245,2017-08-22,2017-08-22,1178,144562,30-34,M,36,37,40,29185.0,2,3.149999976,1.0,0.0,0.0068528353606304,1.574999988,0.0,0.0
1121252,2017-08-23,2017-08-23,1178,144565,30-34,M,63,69,67,11139.0,0,0.0,1.0,1.0,0.0,0.0,0.0,0.0
1121255,2017-08-22,2017-08-22,1178,144565,30-34,M,63,64,67,20423.0,1,1.960000038,1.0,0.0,0.0048964402879106,1.960000038,0.0,0.0
1121261,2017-08-22,2017-08-22,1178,144567,30-34,M,64,67,65,103001.0,14,22.32000005,1.0,0.0,0.0135921010475626,1.594285717857143,0.0,0.0
1121264,2017-08-30,2017-08-30,1178,144567,30-34,M,64,70,67,93015.0,12,18.47000015,1.0,0.0,0.0129011449766166,1.5391666791666667,0.0,0.0
1121265,2017-08-22,2017-08-22,1178,144568,30-34,M,65,70,68,145398.0,23,36.24000025,1.0,0.0,0.0158186494999931,1.5756521847826088,0.0,0.0
1121273,2017-08-22,2017-08-22,1178,144569,30-34,M,2,4,4,9370.0,0,0.0,1.0,1.0,0.0,0.0,0.0,0.0
1121284,2017-08-24,2017-08-24,1178,144571,30-34,M,66,68,70,175631.0,23,40.75999951,1.0,0.0,0.0130956380137902,1.7721738917391303,0.0,0.0
1121285,2017-08-24,2017-08-24,1178,144571,30-34,M,66,68,70,37187.0,4,6.370000005,1.0,0.0,0.0107564471455078,1.59250000125,0.0,0.0
1121286,2017-08-24,2017-08-24,1178,144571,30-34,M,66,67,69,10991.0,0,0.0,1.0,0.0,0.0,0.0,0.0,0.0
1121289,2017-08-24,2017-08-24,1178,144572,35-39,M,10,14,13,98066.0,9,16.1500001,1.0,0.0,0.0091774927089919,1.7944444555555554,0.0,0.0
1121291,2017-08-24,2017-08-24,1178,144572,35-39,M,10,16,14,52553.0,5,8.529999852,1.0,0.0,0.0095142047076284,1.7059999704,0.0,0.0
1121303,2017-08-23,2017-08-23,1178,144574,35-39,M,16,19,21,84494.0,7,12.57000017,2.0,0.0,0.0082846119251071,1.79571431,0.0,0.0
1121317,2017-08-28,2017-08-28,1178,144576,35-39,M,19,25,23,76355.0,9,14.62999988,2.0,0.0,0.0117870473446401,1.625555542222222,0.0,0.0
1121330,2017-08-28,2017-08-28,1178,144578,35-39,M,21,23,22,21743.0,2,3.400000095,1.0,0.0,0.0091983626914409,1.7000000475,0.0,0.0
1121333,2017-08-28,2017-08-28,1178,144579,35-39,M,22,25,25,88970.0,10,14.8300004,2.0,0.0,0.0112397437338428,1.48300004,0.0,0.0
1121335,2017-08-28,2017-08-28,1178,144579,35-39,M,22,25,23,188596.0,27,44.14000034,3.0,0.0,0.0143163163587774,1.6348148274074077,0.0,0.0
1121337,2017-08-27,2017-08-27,1178,144580,35-39,M,23,28,28,64647.0,10,16.26999998,1.0,0.0,0.0154686219004748,1.626999998,0.0,0.0
1121338,2017-08-27,2017-08-27,1178,144580,35-39,M,23,27,24,31265.0,4,5.789999902,1.0,0.0,0.0127938589477051,1.4474999755,0.0,0.0
1121340,2017-08-27,2017-08-27,1178,144580,35-39,M,23,27,28,140147.0,24,42.08000016,2.0,0.0,0.0171248760230329,1.75333334,0.0,0.0
1121341,2017-08-27,2017-08-27,1178,144580,35-39,M,23,26,27,223120.0,40,67.66999984,1.0,0.0,0.017927572606669,1.691749996,0.0,0.0
1121342,2017-08-28,2017-08-28,1178,144580,35-39,M,23,29,27,104869.0,18,34.07000089,1.0,0.0,0.0171642716150626,1.8927778272222224,0.0,0.0
1121345,2017-08-27,2017-08-27,1178,144581,35-39,M,24,29,29,84194.0,11,19.56999981,1.0,0.0,0.0130650640188136,1.7790908918181818,0.0,0.0
1121352,2017-08-29,2017-08-29,1178,144582,35-39,M,25,30,29,368986.0,59,100.289999,0.0,0.0,0.0159897665494083,1.6998304915254236,0.0,0.0
1121353,2017-08-30,2017-08-30,1178,144582,35-39,M,25,30,27,28194.0,3,3.709999919,2.0,0.0,0.0106405618216641,1.2366666396666666,0.0,0.0
1121355,2017-08-29,2017-08-29,1178,144583,35-39,M,26,29,27,99961.0,14,23.2099998,1.0,0.0,0.0140054621302307,1.6578571285714283,0.0,0.0
1121359,2017-08-29,2017-08-29,1178,144583,35-39,M,26,28,27,7573.0,0,0.0,1.0,0.0,0.0,0.0,0.0,0.0
1121365,2017-08-30,2017-08-30,1178,144584,35-39,M,27,33,31,110503.0,25,32.67999995,4.0,0.0,0.0226238201677782,1.3071999980000002,0.0,0.0
1121368,2017-08-30,2017-08-30,1178,144585,35-39,M,28,33,31,358987.0,52,87.55000067,1.0,0.0,0.0144852041995949,1.6836538590384615,0.0,0.0
1121370,2017-08-29,2017-08-29,1178,144585,35-39,M,28,33,32,550954.0,84,150.1400012,3.0,0.0,0.0152462819037524,1.787380966666667,0.0,0.0
1121372,2017-08-29,2017-08-29,1178,144585,35-39,M,28,34,34,378350.0,55,96.48000073,4.0,0.0,0.0145368045460552,1.7541818314545454,0.0,0.0
1121375,2017-08-29,2017-08-29,1178,144586,35-39,M,29,31,35,9921.0,0,0.0,1.0,0.0,0.0,0.0,0.0,0.0
1121379,2017-08-29,2017-08-29,1178,144587,35-39,M,30,31,35,49422.0,6,11.17000031,1.0,0.0,0.0121403423576544,1.8616667183333333,0.0,0.0
1121390,2017-08-29,2017-08-29,1178,144588,35-39,M,31,32,36,15513.0,1,1.289999962,1.0,0.0,0.0064462064075291,1.289999962,0.0,0.0
1121410,2017-08-24,2017-08-24,1178,144592,35-39,M,64,68,70,24992.0,2,3.190000057,1.0,0.0,0.0080025608194622,1.5950000285,0.0,0.0
1121414,2017-08-23,2017-08-23,1178,144592,35-39,M,64,70,66,133316.0,21,36.17000055,2.0,0.0,0.0157520477662096,1.7223809785714284,0.0,0.0
1121422,2017-08-23,2017-08-23,1178,144594,35-39,M,2,7,7,128843.0,24,37.5999999,2.0,0.0,0.0186273216239919,1.5666666625,0.0,0.0
1121423,2017-08-23,2017-08-23,1178,144594,35-39,M,2,5,7,63564.0,12,20.59000027,2.0,0.0,0.0188786105342646,1.7158333558333334,0.0,0.0
1121430,2017-08-23,2017-08-23,1178,144595,35-39,M,7,10,9,28989.0,2,2.290000021,1.0,0.0,0.0068991686501776,1.1450000105,0.0,0.0
1121437,2017-08-24,2017-08-24,1178,144596,35-39,M,66,68,68,38580.0,5,8.519999981,1.0,0.0,0.0129600829445308,1.7039999962,0.0,0.0
1121456,2017-08-24,2017-08-24,1178,144599,40-44,M,16,22,22,315281.0,35,65.02999854,1.0,0.0,0.0111012081286217,1.857999958285714,0.0,0.0
1121471,2017-08-24,2017-08-24,1178,144602,40-44,M,20,21,26,304680.0,59,98.55000019,3.0,0.0,0.0193645792306682,1.6703389862711866,0.0,0.0
1121472,2017-08-24,2017-08-24,1178,144602,40-44,M,20,21,25,140596.0,23,40.77000022,1.0,0.0,0.0163589291302739,1.7726087052173911,0.0,0.0
1121477,2017-08-21,2017-08-21,1178,144603,40-44,M,21,27,22,7073.0,0,0.0,1.0,0.0,0.0,0.0,0.0,0.0
1121481,2017-08-19,2017-08-19,1178,144604,40-44,M,22,27,25,153586.0,28,43.01000035,2.0,0.0,0.0182308283307072,1.5360714410714285,0.0,0.0
1121482,2017-08-19,2017-08-19,1178,144604,40-44,M,22,24,24,180815.0,31,42.62999976,1.0,0.0,0.017144595304593,1.375161282580645,0.0,0.0
1121483,2017-08-19,2017-08-19,1178,144604,40-44,M,22,26,23,253169.0,51,75.78999984,1.0,0.0,0.0201446464614546,1.486078428235294,0.0,0.0
1121487,2017-08-19,2017-08-19,1178,144605,40-44,M,23,25,26,51550.0,8,14.03999984,1.0,0.0,0.0155189136760426,1.75499998,0.0,0.0
1121489,2017-08-19,2017-08-19,1178,144605,40-44,M,23,28,24,110018.0,24,39.85999966,1.0,0.0,0.0218146121543747,1.6608333191666669,0.0,0.0
1121493,2017-08-19,2017-08-19,1178,144606,40-44,M,24,28,30,137584.0,21,36.77999961,1.0,0.0,0.0152634027212466,1.7514285528571427,0.0,0.0
1121497,2017-08-19,2017-08-19,1178,144606,40-44,M,24,25,27,209825.0,30,54.86999953,1.0,0.0,0.014297628976528,1.828999984333333,0.0,0.0
1121510,2017-08-19,2017-08-19,1178,144608,40-44,M,26,30,31,31202.0,5,6.730000019,1.0,0.0,0.0160246138068072,1.3460000038,0.0,0.0
1121511,2017-08-18,2017-08-18,1178,144609,40-44,M,27,29,32,252991.0,49,76.83999932,3.0,0.0,0.01936827792293,1.5681632514285715,0.0,0.0
1121514,2017-08-18,2017-08-18,1178,144609,40-44,M,27,31,30,56265.0,9,15.53999972,1.0,0.0,0.0159957344708077,1.7266666355555556,0.0,0.0
1121525,2017-08-18,2017-08-18,1178,144611,40-44,M,29,32,33,214094.0,31,53.26999903,1.0,0.0,0.0144796211010117,1.718387065483871,0.0,0.0
1121528,2017-08-19,2017-08-19,1178,144611,40-44,M,29,33,31,172827.0,25,38.42000043,2.0,0.0,0.0144653323844075,1.5368000172,0.0,0.0
1121548,2017-08-21,2017-08-21,1178,144615,40-44,M,36,38,37,59004.0,8,13.51000011,1.0,0.0,0.0135584028201477,1.68875001375,0.0,0.0
1121551,2017-08-21,2017-08-21,1178,144615,40-44,M,36,40,39,196253.0,32,55.10000002,1.0,0.0,0.0163054832282818,1.721875000625,0.0,0.0
1121562,2017-08-20,2017-08-20,1178,144617,40-44,M,64,65,67,109289.0,19,31.02999997,1.0,0.0,0.0173850982258049,1.6331578931578947,0.0,0.0
1121572,2017-08-20,2017-08-20,1178,144619,40-44,M,2,6,3,32574.0,5,7.480000019,1.0,0.0,0.0153496653772947,1.4960000038,0.0,0.0
1121577,2017-08-20,2017-08-20,1178,144620,40-44,M,7,9,11,242234.0,48,68.06000054,2.0,0.0,0.019815550253061,1.4179166779166668,0.0,0.0
1121585,2017-08-20,2017-08-20,1178,144621,40-44,M,66,72,68,9773.0,1,1.460000038,1.0,0.0,0.0102322725877417,1.460000038,0.0,0.0
1121594,2017-08-26,2017-08-26,45-49,M,10,14,14,426500,72,128.2799988,4,1.0,,,3.118179012642772,0.25,0.0,
1121597,2017-08-30,2017-08-30,45-49,M,15,21,19,54237,7,10.77999985,2,1.0,,,18.552875953889743,0.5,0.0,
1121598,2017-08-30,2017-08-30,45-49,M,15,19,18,506916,89,133.6999986,2,2.0,,,1.4958863283039707,1.0,0.0,
1121599,2017-08-30,2017-08-30,45-49,M,15,17,18,250960,42,64.87999952,2,0.0,,,3.0826140795261217,0.0,0.0,
1121601,2017-08-30,2017-08-30,45-49,M,16,20,18,2286228,353,603.380002,16,7.0,,,2.651728586788662,0.4375,0.0,
1121602,2017-08-30,2017-08-30,45-49,M,16,21,20,915451,125,220.559999,6,1.0,,,2.720348216904009,0.1666666666666666,0.0,
1121603,2017-08-30,2017-08-30,45-49,M,16,21,17,159478,20,33.89999998,3,1.0,,,8.849557527344873,0.3333333333333333,0.0,
1121605,2017-08-30,2017-08-30,45-49,M,16,20,17,1228924,190,318.9700032,6,3.0,,,1.881054625766139,0.5,0.0,
1121606,2017-08-30,2017-08-30,45-49,M,16,22,17,938283,134,248.6400001,7,2.0,,,2.8153153141830294,0.2857142857142857,0.0,
1121607,2017-08-30,2017-08-30,45-49,M,18,24,23,154572,26,40.93000007,1,1.0,,,2.4431956957971246,1.0,0.0,
1121609,2017-08-30,2017-08-30,45-49,M,18,19,19,378171,70,109.2500008,1,0.0,,,0.915331801077662,0.0,0.0,
1121612,2017-08-29,2017-08-29,45-49,M,18,19,22,468749,84,134.1199975,6,1.0,,,4.473605809603448,0.1666666666666666,0.0,
1121613,2017-08-29,2017-08-29,45-49,M,19,25,25,309823,60,103.3899996,4,4.0,,,3.868846131613681,1.0,0.0,
1121615,2017-08-29,2017-08-29,45-49,M,19,21,25,327227,65,116.5599996,5,0.0,,,4.289636253567729,0.0,0.0,
1121616,2017-08-29,2017-08-29,45-49,M,19,23,24,334945,72,120.2999994,2,1.0,,,1.6625103989817642,0.5,0.0,
1121617,2017-08-29,2017-08-29,45-49,M,19,23,22,68859,15,25.45999968,1,0.0,,,3.92772982155827,0.0,0.0,
1121619,2017-08-30,2017-08-30,45-49,M,20,22,26,127125,20,35.67999983,2,0.0,,,5.605381192626536,0.0,0.0,
1121620,2017-08-30,2017-08-30,45-49,M,20,21,24,415798,80,131.7800006,3,1.0,,,2.276521464820816,0.3333333333333333,0.0,
1121622,2017-08-30,2017-08-30,45-49,M,20,22,23,107671,20,29.91000021,1,1.0,,,3.34336340013018,1.0,0.0,
1121623,2017-08-29,2017-08-29,45-49,M,20,24,22,164356,28,46.7900002,2,1.0,,,4.27441759232991,0.5,0.0,
1121624,2017-08-30,2017-08-30,45-49,M,20,26,25,17662,2,3.189999938,1,0.0,,,31.347962991715896,0.0,0.0,
1121627,2017-08-30,2017-08-30,45-49,M,21,27,27,65339,10,16.67999983,2,0.0,,,11.990407796065307,0.0,0.0,
1121628,2017-08-19,2017-08-19,45-49,M,21,25,22,59838,7,11.11000013,1,0.0,,,9.000899984687939,0.0,0.0,
1121629,2017-08-19,2017-08-19,45-49,M,21,24,23,381577,81,127.5699993,2,0.0,,,1.5677667249152365,0.0,0.0,
1121635,2017-08-19,2017-08-19,45-49,M,22,24,27,45491,8,11.00999999,1,0.0,,,9.082652142672709,0.0,0.0,
1121638,2017-08-19,2017-08-19,45-49,M,23,28,29,18946,2,3.599999905,1,0.0,,,27.77777851080249,0.0,0.0,
1121641,2017-08-19,2017-08-19,45-49,M,23,29,29,114370,18,33.65999997,1,0.0,,,2.970885326474348,0.0,0.0,
1121642,2017-08-19,2017-08-19,45-49,M,23,26,29,99698,21,33.3499999,1,0.0,,,2.9985007586161943,0.0,0.0,
1121644,2017-08-19,2017-08-19,45-49,M,24,26,25,355165,81,128.6099997,4,3.0,,,3.1101780649487085,0.75,0.0,
1121650,2017-08-19,2017-08-19,45-49,M,25,26,29,101431,23,33.93000031,1,1.0,,,2.9472442996272994,1.0,0.0,
1121652,2017-08-18,2017-08-18,45-49,M,25,30,29,123151,24,36.4400003,2,1.0,,,5.488474158986216,0.5,0.0,
1121660,2017-08-18,2017-08-18,45-49,M,26,30,29,24078,4,5.769999981,1,0.0,,,17.331022587398515,0.0,0.0,
1121661,2017-08-18,2017-08-18,45-49,M,27,33,30,517801,105,181.7200011,3,0.0,,,1.6508914714066665,0.0,0.0,
1121662,2017-08-18,2017-08-18,45-49,M,27,28,32,145104,25,41.42000008,2,1.0,,,4.828585215203119,0.5,0.0,
1121664,2017-08-18,2017-08-18,45-49,M,27,31,28,179950,35,58.67999971,1,0.0,,,1.704158154297987,0.0,0.0,
1121665,2017-08-18,2017-08-18,45-49,M,27,31,31,258531,46,80.33999979,2,0.0,,,2.489419971655193,0.0,0.0,
1121666,2017-08-18,2017-08-18,45-49,M,27,31,29,272500,62,104.4599996,3,0.0,,,2.871912704851283,0.0,0.0,
1121667,2017-08-18,2017-08-18,45-49,M,28,31,32,273197,57,87.7300005,3,0.0,,,3.419582791407826,0.0,0.0,
1121668,2017-08-18,2017-08-18,45-49,M,28,30,34,775904,172,253.990002,4,2.0,,,1.574865139770344,0.5,0.0,
1121669,2017-08-18,2017-08-18,45-49,M,28,33,33,120251,26,39.44000006,1,0.0,,,2.535496953546404,0.0,0.0,
1121671,2017-08-18,2017-08-18,45-49,M,28,29,32,139406,24,39.04999948,1,0.0,,,2.5608194963284543,0.0,0.0,
1121672,2017-08-29,2017-08-29,45-49,M,28,32,31,60314,11,16.93999958,2,1.0,,,11.80637573545914,0.5,0.0,
1121673,2017-08-29,2017-08-29,45-49,M,29,34,30,563074,86,142.7099985,4,2.0,,,2.8028870030434483,0.5,0.0,
1121674,2017-08-27,2017-08-27,45-49,M,29,30,30,168655,18,27.29999983,2,0.0,,,7.326007371627153,0.0,0.0,
1121675,2017-08-27,2017-08-27,45-49,M,29,34,31,111963,17,29.3799994,2,1.0,,,6.807352079115428,0.5,0.0,
1121676,2017-08-27,2017-08-27,45-49,M,29,32,30,1026304,168,277.5799986,17,8.0,,,6.124360575596602,0.4705882352941176,0.0,
1121677,2017-08-27,2017-08-27,45-49,M,29,35,34,1391924,258,422.8400038,17,10.0,,,4.020433224676837,0.5882352941176471,0.0,
1121678,2017-08-27,2017-08-27,45-49,M,29,33,33,147551,22,38.50000083,1,0.0,,,2.597402541406647,0.0,0.0,
1121685,2017-08-27,2017-08-27,45-49,M,31,36,36,66794,9,17.3299998,1,1.0,,,5.770340516680214,1.0,0.0,
1121687,2017-08-27,2017-08-27,45-49,M,31,37,36,118882,19,32.30999994,2,1.0,,,6.190034056682205,0.5,0.0,
1121689,2017-08-27,2017-08-27,45-49,M,31,37,35,148010,24,41.96999943,1,0.0,,,2.3826543092235632,0.0,0.0,
1121691,2017-08-26,2017-08-26,45-49,M,32,34,33,932890,197,352.4499989,3,1.0,,,0.8511845678431069,0.3333333333333333,0.0,
1121692,2017-08-26,2017-08-26,45-49,M,32,34,37,718359,147,264.5899997,4,1.0,,,1.5117729334197507,0.25,0.0,
1121693,2017-08-26,2017-08-26,45-49,M,32,35,35,433658,82,158.5999998,5,2.0,,,3.152585123773752,0.4,0.0,
1121695,2017-08-26,2017-08-26,45-49,M,32,34,38,29455,3,4.769999981,1,0.0,,,20.964360670507936,0.0,0.0,
1121701,2017-08-26,2017-08-26,45-49,M,36,38,38,23973,3,4.820000052,1,1.0,,,20.746887742979634,1.0,0.0,
1121705,2017-08-26,2017-08-26,45-49,M,63,68,67,126480,25,37.25999999,1,1.0,,,2.68384326427371,1.0,0.0,
1121706,2017-08-26,2017-08-26,45-49,M,63,64,67,138959,28,39.5200007,1,0.0,,,2.530364327650429,0.0,0.0,
1121708,2017-08-26,2017-08-26,45-49,M,63,65,68,68829,12,19.47999978,1,0.0,,,5.133470283848228,0.0,0.0,
1121711,2017-08-26,2017-08-26,45-49,M,64,69,65,49916,10,16.38,1,1.0,,,6.1050061050061055,1.0,0.0,
1121716,2017-08-26,2017-08-26,45-49,M,65,67,67,76014,16,22.67000031,1,1.0,,,4.411115952031499,1.0,0.0,
1121723,2017-08-26,2017-08-26,45-49,M,2,5,4,50947,10,15.99000025,1,0.0,,,6.25390859515465,0.0,0.0,
1121733,2017-08-27,2017-08-27,45-49,M,66,71,70,55536,11,17.04999995,1,0.0,,,5.8651026564959015,0.0,0.0,
1121741,2017-08-27,2017-08-27,30-34,F,10,13,14,318042,46,64.40999997,8,4.0,,,12.420431615783464,0.5,0.0,
1121742,2017-08-28,2017-08-28,30-34,F,10,14,11,213016,30,44.21999955,8,2.0,,,18.09136155904823,0.25,0.0,
1121745,2017-08-28,2017-08-28,30-34,F,15,19,16,182265,27,38.18000007,2,1.0,,,5.238344673476058,0.5,0.0,
1121746,2017-08-28,2017-08-28,30-34,F,15,17,18,1117371,177,268.050002,26,5.0,,,9.699682822610088,0.1923076923076923,0.0,
1121749,2017-08-28,2017-08-28,30-34,F,15,17,17,333345,52,77.59000027,5,1.0,,,6.44412937569384,0.2,0.0,
1121751,2017-08-29,2017-08-29,30-34,F,16,17,21,275930,30,46.77999997,5,2.0,,,10.688328352301196,0.4,0.0,
1121753,2017-08-29,2017-08-29,30-34,F,16,20,19,740631,101,153.1199975,9,1.0,,,5.877743042674749,0.1111111111111111,0.0,
1121754,2017-08-29,2017-08-29,30-34,F,16,17,17,328272,35,55.99000025,2,1.0,,,3.5720664244862186,0.5,0.0,
1121755,2017-08-29,2017-08-29,30-34,F,16,20,21,178455,20,31.5400002,6,3.0,,,19.02346214950246,0.5,0.0,
1121756,2017-08-29,2017-08-29,30-34,F,16,18,19,705712,98,147.339999,6,1.0,,,4.072213954609841,0.1666666666666666,0.0,
1121758,2017-08-28,2017-08-28,30-34,F,18,19,20,690373,91,159.5700021,5,2.0,,,3.133421027886293,0.4,0.0,
1121759,2017-08-28,2017-08-28,30-34,F,18,21,19,515812,69,117.6299995,3,1.0,,,2.5503698144621687,0.3333333333333333,0.0,
1121760,2017-08-28,2017-08-28,30-34,F,18,21,21,764793,101,171.9799976,4,2.0,,,2.325851875695107,0.5,0.0,
1121763,2017-08-28,2017-08-28,30-34,F,19,22,23,87832,11,18.10000038,1,1.0,,,5.524861762461465,1.0,0.0,
1121764,2017-08-28,2017-08-28,30-34,F,19,22,23,23368,3,4.300000191,1,0.0,,,23.25581292049761,0.0,0.0,
1121765,2017-08-28,2017-08-28,30-34,F,19,24,23,51509,7,11.57000005,1,0.0,,,8.643042313556428,0.0,0.0,
1121767,2017-08-28,2017-08-28,30-34,F,19,20,23,87043,16,24.48000002,2,0.0,,,8.169934633848094,0.0,0.0,
1121768,2017-08-28,2017-08-28,30-34,F,19,20,25,565565,113,169.6699982,7,4.0,,,4.1256557283325295,0.5714285714285714,0.0,
1121769,2017-08-28,2017-08-28,30-34,F,20,26,26,253758,43,62.14000034,4,1.0,,,6.437077531564108,0.25,0.0,
1121773,2017-08-28,2017-08-28,30-34,F,20,22,21,319131,51,76.68000025,6,1.0,,,7.824726109074315,0.1666666666666666,0.0,
1121774,2017-08-28,2017-08-28,30-34,F,20,22,21,670608,130,195.1499978,11,3.0,,,5.636689789396452,0.2727272727272727,0.0,
1121775,2017-08-18,2017-08-18,30-34,F,21,24,25,159123,25,38.36000013,5,3.0,,,13.034410800456897,0.6,0.0,
1121776,2017-08-18,2017-08-18,30-34,F,21,23,22,103709,15,24.56999969,3,1.0,,,12.21001236406609,0.3333333333333333,0.0,
1121779,2017-08-22,2017-08-22,30-34,F,21,27,23,271589,45,74.41000032,9,3.0,,,12.09514844953034,0.3333333333333333,0.0,
1121780,2017-08-22,2017-08-22,30-34,F,21,25,22,119772,20,33.46999907,5,2.0,,,14.938751535495635,0.4,0.0,
1121782,2017-08-21,2017-08-21,30-34,F,22,23,23,26340,3,4.220000029,1,1.0,,,23.69668230161048,1.0,0.0,
1121783,2017-08-22,2017-08-22,30-34,F,22,27,28,594968,111,147.6700006,4,0.0,,,2.708742455304087,0.0,0.0,
1121791,2017-08-22,2017-08-22,30-34,F,23,25,24,6838,0,0.0,1,0.0,,,inf,0.0,0.0,
1121793,2017-08-22,2017-08-22,30-34,F,24,30,25,185665,39,62.14000058,1,0.0,,,1.609269376675632,0.0,0.0,
1121795,2017-08-22,2017-08-22,30-34,F,24,29,25,24959,3,4.560000062,1,1.0,,,21.92982426323484,1.0,0.0,
1121796,2017-08-22,2017-08-22,30-34,F,24,28,27,136967,23,35.05999982,3,1.0,,,8.5567598842047,0.3333333333333333,0.0,
1121798,2017-08-21,2017-08-21,30-34,F,24,26,26,107548,19,29.31000018,1,0.0,,,3.411804823810137,0.0,0.0,
1121803,2017-08-21,2017-08-21,30-34,F,25,31,28,588617,119,169.9199973,2,0.0,,,1.1770245008119475,0.0,0.0,
1121806,2017-08-20,2017-08-20,30-34,F,26,31,30,190560,26,41.63,3,1.0,,,7.206341580590919,0.3333333333333333,0.0,
1121807,2017-08-20,2017-08-20,30-34,F,26,30,32,373110,49,75.70000076,4,2.0,,,5.284015798997992,0.5,0.0,
1121812,2017-08-20,2017-08-20,30-34,F,27,33,29,935646,170,256.4699982,19,6.0,,,7.4082739241817475,0.3157894736842105,0.0,
1121814,2017-08-21,2017-08-21,30-34,F,27,28,31,2223278,421,612.3000032,38,13.0,,,6.206108084501803,0.3421052631578947,0.0,
1121815,2017-08-21,2017-08-21,30-34,F,27,33,28,240497,36,51.84000087,1,0.0,,,1.929012313305542,0.0,0.0,
1121816,2017-08-21,2017-08-21,30-34,F,27,30,30,259984,37,54.7900002,5,0.0,,,9.12575284130041,0.0,0.0,
1121817,2017-08-21,2017-08-21,30-34,F,28,31,29,606786,127,179.050001,11,3.0,,,6.143535291016279,0.2727272727272727,0.0,
1121818,2017-08-21,2017-08-21,30-34,F,28,31,34,83270,13,17.74000001,1,0.0,,,5.636978576303846,0.0,0.0,
1121819,2017-08-21,2017-08-21,30-34,F,28,34,29,1189509,268,375.7199963,7,3.0,,,1.8630895531071845,0.4285714285714285,0.0,
1121820,2017-08-22,2017-08-22,30-34,F,28,29,32,11471,1,1.570000052,0,0.0,,,0.0,0.0,0.0,0.0
1121824,2017-08-22,2017-08-22,30-34,F,29,35,34,1705246,295,429.4799981,23,10.0,,,5.355313425945552,0.4347826086956521,0.0,
1121826,2017-08-23,2017-08-23,30-34,F,29,31,30,418016,63,95.8500005,3,1.0,,,3.129890437507092,0.3333333333333333,0.0,
1121827,2017-08-23,2017-08-23,30-34,F,29,31,30,30155,3,3.819999933,1,0.0,,,26.178010930347316,0.0,0.0,
1121828,2017-08-23,2017-08-23,30-34,F,29,33,33,990404,153,226.5399992,12,6.0,,,5.29707779746474,0.5,0.0,
1121829,2017-08-24,2017-08-24,30-34,F,30,35,35,187468,34,50.72000062,2,1.0,,,3.943217617413349,0.5,0.0,
1121832,2017-08-24,2017-08-24,30-34,F,30,36,36,208301,33,54.57000089,1,0.0,,,1.832508674529362,0.0,0.0,
1121833,2017-08-24,2017-08-24,30-34,F,30,36,36,101856,16,25.22000039,4,1.0,,,15.860427986297903,0.25,0.0,
1121835,2017-08-24,2017-08-24,30-34,F,31,35,36,48935,7,9.970000267,1,1.0,,,10.030090002203206,1.0,0.0,
1121839,2017-08-24,2017-08-24,30-34,F,31,33,34,13911,1,1.730000019,1,1.0,,,57.80346757325672,1.0,0.0,
1121841,2017-08-23,2017-08-23,30-34,F,32,38,34,511726,77,123.0900019,8,4.0,,,6.499309348048682,0.5,0.0,
1121843,2017-08-23,2017-08-23,30-34,F,32,38,37,177452,24,37.83000016,2,0.0,,,5.286809388160468,0.0,0.0,
1121844,2017-08-23,2017-08-23,30-34,F,32,38,36,149808,20,33.03999937,1,1.0,,,3.0266344402778365,1.0,0.0,
1121845,2017-08-22,2017-08-22,30-34,F,32,34,38,390339,60,105.0199997,9,6.0,,,8.569796253770129,0.6666666666666666,0.0,
1121846,2017-08-22,2017-08-22,30-34,F,32,37,34,8350,0,0.0,1,0.0,,,inf,0.0,0.0,
1121847,2017-08-23,2017-08-23,30-34,F,36,38,37,39339,4,5.929999948,1,0.0,,,16.863406555969167,0.0,0.0,
1121854,2017-08-23,2017-08-23,30-34,F,63,65,64,8587,0,0.0,1,0.0,,,inf,0.0,0.0,
1121855,2017-08-23,2017-08-23,30-34,F,63,67,65,24893,2,3.75,1,0.0,,,26.666666666666668,0.0,0.0,
1121856,2017-08-23,2017-08-23,30-34,F,63,64,64,1296189,212,343.2599944,14,4.0,,,4.07854111414039,0.2857142857142857,0.0,
1121857,2017-08-23,2017-08-23,30-34,F,63,65,65,91607,12,19.1899997,2,1.0,,,10.422095003993146,0.5,0.0,
1121859,2017-08-23,2017-08-23,30-34,F,64,67,67,238036,38,61.02999771,6,3.0,,,9.831230911248872,0.5,0.0,
1121860,2017-08-20,2017-08-20,30-34,F,64,67,68,254344,35,56.16999996,2,1.0,,,3.56061955033692,0.5,0.0,
1121861,2017-08-20,2017-08-20,30-34,F,64,66,69,157705,23,39.23000026,2,0.0,,,5.098139145411263,0.0,0.0,
1121862,2017-08-17,2017-08-17,30-34,F,64,67,69,411571,60,99.1799984,6,1.0,,,6.04960687315357,0.1666666666666666,0.0,
1121863,2017-08-17,2017-08-17,30-34,F,64,69,70,94136,11,16.17999971,1,0.0,,,6.1804698264731925,0.0,0.0,
1121867,2017-08-17,2017-08-17,30-34,F,65,69,71,82640,16,23.97000039,1,1.0,,,4.171881450686952,1.0,0.0,
1121869,2017-08-18,2017-08-18,30-34,F,65,69,68,17870,2,2.620000005,1,1.0,,,38.167938858458136,1.0,0.0,
1121871,2017-08-18,2017-08-18,30-34,F,2,8,7,19178,2,2.779999971,1,1.0,,,35.97122339682212,1.0,0.0,
1121873,2017-08-18,2017-08-18,30-34,F,2,6,7,5264,0,0.0,1,0.0,,,inf,0.0,0.0,
1121874,2017-08-18,2017-08-18,30-34,F,2,8,4,145548,28,42.37000036,2,1.0,,,4.72032094172019,0.5,0.0,
1121876,2017-08-18,2017-08-18,30-34,F,2,6,8,82455,15,22.04999971,1,0.0,,,4.535147451936179,0.0,0.0,
1121877,2017-08-17,2017-08-17,30-34,F,7,10,9,44189,7,10.31999981,2,0.0,,,19.379845318039788,0.0,0.0,
1121878,2017-08-17,2017-08-17,30-34,F,7,8,8,45199,7,9.809999943,1,0.0,,,10.193679977679894,0.0,0.0,
1121881,2017-08-30,2017-08-30,30-34,F,7,8,13,221843,43,63.45000076,5,0.0,,,7.88022055178932,0.0,0.0,
1121888,2017-08-30,2017-08-30,30-34,F,66,72,69,41672,6,10.54999995,2,1.0,,,18.957346061409226,0.5,0.0,
1121889,2017-08-30,2017-08-30,35-39,F,10,15,13,127546,25,38.94000041,2,0.0,,,5.136106776943919,0.0,0.0,
1121890,2017-08-17,2017-08-17,35-39,F,10,16,15,127865,28,38.02999961,3,1.0,,,7.888509152682582,0.3333333333333333,0.0,
1121891,2017-08-17,2017-08-17,35-39,F,10,15,13,1025327,229,314.2999983,16,2.0,,,5.0906777240030285,0.125,0.0,
1121894,2017-08-17,2017-08-17,35-39,F,10,14,14,561415,124,173.76,3,0.0,,,1.7265193370165748,0.0,0.0,
1121895,2017-08-17,2017-08-17,35-39,F,15,21,21,132803,25,37.32000124,2,1.0,,,5.359056627941312,0.5,0.0,
1121897,2017-08-17,2017-08-17,35-39,F,15,18,17,24664,2,2.629999995,1,1.0,,,38.022813760499645,1.0,0.0,
1121901,2017-08-17,2017-08-17,35-39,F,16,17,21,1020561,172,263.8100007,7,3.0,,,2.653424806271948,0.4285714285714285,0.0,
1121902,2017-08-18,2017-08-18,35-39,F,16,17,22,682143,114,177.1099993,6,2.0,,,3.387725155956228,0.3333333333333333,0.0,
1121903,2017-08-18,2017-08-18,35-39,F,16,18,18,1247717,222,343.4199994,11,4.0,,,3.20307495755007,0.3636363636363636,0.0,
1121904,2017-08-19,2017-08-19,35-39,F,16,21,18,146406,23,33.22999942,1,1.0,,,3.0093289721760703,1.0,0.0,
1121905,2017-08-19,2017-08-19,35-39,F,16,17,21,905699,161,234.6599982,4,1.0,,,1.7045938935833505,0.25,0.0,
1121906,2017-08-19,2017-08-19,35-39,F,16,21,17,1184580,194,297.8299981,14,3.0,,,4.700668196391463,0.2142857142857142,0.0,
1121907,2017-08-20,2017-08-20,35-39,F,18,22,19,98057,20,31.00999963,1,1.0,,,3.224766242926911,1.0,0.0,
1121917,2017-08-20,2017-08-20,35-39,F,19,22,24,238735,56,84.65999889,4,1.0,,,4.724781540804483,0.25,0.0,
1121918,2017-08-20,2017-08-20,35-39,F,19,23,25,320657,77,115.8800026,2,0.0,,,1.725923330277868,0.0,0.0,
1121925,2017-08-20,2017-08-20,35-39,F,21,27,23,244074,57,84.51000023,4,2.0,,,4.733167659583143,0.5,0.0,
1121928,2017-08-20,2017-08-20,35-39,F,21,27,24,39146,8,13.05999959,1,0.0,,,7.656968081114618,0.0,0.0,
1121931,2017-08-20,2017-08-20,35-39,F,22,26,23,78468,15,23.64999962,1,0.0,,,4.228329877664497,0.0,0.0,
1121933,2017-08-19,2017-08-19,35-39,F,22,24,26,325653,63,89.35000026,2,0.0,,,2.238388353867029,0.0,0.0,
1121935,2017-08-19,2017-08-19,35-39,F,22,25,23,66277,12,17.30000019,1,0.0,,,5.780346757325672,0.0,0.0,
1121936,2017-08-18,2017-08-18,35-39,F,22,26,25,93002,16,23.33999968,1,0.0,,,4.284490204414604,0.0,0.0,
1121944,2017-08-18,2017-08-18,35-39,F,24,25,29,109723,27,40.9600004,1,0.0,,,2.441406226158142,0.0,0.0,
1121948,2017-08-18,2017-08-18,35-39,F,24,27,28,118941,35,50.11000001,4,1.0,,,7.982438633410011,0.25,0.0,
1121949,2017-08-19,2017-08-19,35-39,F,25,27,27,221576,47,66.79000068,6,1.0,,,8.98338065415932,0.1666666666666666,0.0,
1121953,2017-08-19,2017-08-19,35-39,F,25,29,27,8341,1,1.639999986,1,0.0,,,60.97561027662106,0.0,0.0,
1121954,2017-08-19,2017-08-19,35-39,F,25,30,27,120335,26,36.2299993,2,0.0,,,5.52028716158435,0.0,0.0,
1121955,2017-08-19,2017-08-19,35-39,F,26,28,31,182098,40,62.86999989,1,1.0,,,1.5905837470170865,1.0,0.0,
1121956,2017-08-19,2017-08-19,35-39,F,26,31,28,227473,52,71.58000052,1,1.0,,,1.3970382686999177,1.0,0.0,
1121962,2017-08-19,2017-08-19,35-39,F,27,30,32,1050947,230,350.5099957,6,1.0,,,1.7117914106892902,0.1666666666666666,0.0,
1121963,2017-08-24,2017-08-24,35-39,F,27,32,28,720859,162,213.6899986,13,5.0,,,6.083579056188921,0.3846153846153846,0.0,
1121971,2017-08-24,2017-08-24,35-39,F,28,31,32,41111,8,10.96000016,1,0.0,,,9.12408745804252,0.0,0.0,
1121973,2017-08-30,2017-08-30,35-39,F,29,31,34,148616,25,37.39999962,6,4.0,,,16.042780911664618,0.6666666666666666,0.0,
1121976,2017-08-30,2017-08-30,35-39,F,29,34,34,707260,135,210.8200028,13,6.0,,,6.166397793065583,0.4615384615384615,0.0,
1121977,2017-08-30,2017-08-30,35-39,F,29,32,32,139596,26,42.41000032,1,1.0,,,2.3579344316307704,1.0,0.0,
1121983,2017-08-30,2017-08-30,35-39,F,30,34,31,105399,22,33.19999933,2,0.0,,,6.024096507112792,0.0,0.0,
1121994,2017-08-30,2017-08-30,35-39,F,32,33,34,222378,50,72.91000104,1,0.0,,,1.371553951084678,0.0,0.0,
1122003,2017-08-17,2017-08-17,35-39,F,63,69,68,975792,210,293.8800011,10,4.0,,,3.402749408796024,0.4,0.0,
1122004,2017-08-30,2017-08-30,35-39,F,63,65,67,579150,125,167.0499997,5,1.0,,,2.9931158389580053,0.2,0.0,
1122005,2017-08-30,2017-08-30,35-39,F,63,65,69,449588,81,123.800001,5,2.0,,,4.038772180623811,0.4,0.0,
1122006,2017-08-30,2017-08-30,35-39,F,63,68,65,318157,56,85.70000196,3,0.0,,,3.500583350511746,0.0,0.0,
1122007,2017-08-30,2017-08-30,35-39,F,63,65,64,196967,43,65.17999971,2,1.0,,,3.068425911166669,0.5,0.0,
1122011,2017-08-29,2017-08-29,35-39,F,64,70,67,158298,37,46.43000007,4,1.0,,,8.615119521794995,0.25,0.0,
1122012,2017-08-29,2017-08-29,35-39,F,64,67,69,222739,55,68.55999959,5,2.0,,,7.292882190637131,0.4,0.0,
1122022,2017-08-29,2017-08-29,35-39,F,2,4,3,20780,5,8.189999938,1,0.0,,,12.210012302444538,0.0,0.0,
1122027,2017-08-29,2017-08-29,35-39,F,7,9,8,128616,33,48.54999948,2,0.0,,,4.119464513740918,0.0,0.0,
1122039,2017-08-29,2017-08-29,40-44,F,10,12,15,258954,61,82.27999902,1,0.0,,,1.215362192404654,0.0,0.0,
1122040,2017-08-30,2017-08-30,40-44,F,10,15,11,205289,48,71.53000104,3,0.0,,,4.194044395892546,0.0,0.0,
1122041,2017-08-30,2017-08-30,40-44,F,10,13,12,611601,138,191.419996,8,3.0,,,4.179291697404486,0.375,0.0,
1122043,2017-08-30,2017-08-30,40-44,F,10,13,14,947657,233,321.8700004,8,4.0,,,2.485475499443284,0.5,0.0,
1122044,2017-08-29,2017-08-29,40-44,F,10,16,14,233043,49,65.03000033,2,0.0,,,3.0755035981098544,0.0,0.0,
1122047,2017-08-17,2017-08-17,40-44,F,15,18,21,582725,142,194.8099988,9,2.0,,,4.61988607126874,0.2222222222222222,0.0,
1122052,2017-08-17,2017-08-17,40-44,F,16,20,19,265038,51,78.45999932,2,1.0,,,2.549069611692166,0.5,0.0,
1122054,2017-08-18,2017-08-18,40-44,F,16,20,18,222273,39,53.62999868,6,1.0,,,11.18776831564151,0.1666666666666666,0.0,
1122055,2017-08-18,2017-08-18,40-44,F,16,22,19,797234,170,243.7699978,4,1.0,,,1.6408910186239498,0.25,0.0,
1122056,2017-08-17,2017-08-17,40-44,F,16,19,21,925555,182,262.8899981,4,2.0,,,1.5215489478144586,0.5,0.0,
1122058,2017-08-18,2017-08-18,40-44,F,18,19,24,22210,3,4.050000191,1,1.0,,,24.691356860234777,1.0,0.0,
1122075,2017-08-18,2017-08-18,40-44,F,21,25,23,46391,11,16.40999985,3,1.0,,,18.28153581610179,0.3333333333333333,0.0,
1122078,2017-08-18,2017-08-18,40-44,F,21,27,25,190477,42,66.38999987,1,0.0,,,1.506250944356268,0.0,0.0,
1122079,2017-08-18,2017-08-18,40-44,F,21,24,27,25382,7,9.609999895,1,0.0,,,10.405827376962732,0.0,0.0,
1122085,2017-08-18,2017-08-18,40-44,F,22,26,25,65726,17,22.12000012,2,0.0,,,9.04159127102211,0.0,0.0,
1122089,2017-08-17,2017-08-17,40-44,F,23,25,29,195220,51,78.06000042,1,0.0,,,1.28106583989178,0.0,0.0,
1122092,2017-08-17,2017-08-17,40-44,F,23,25,26,107501,27,40.87999928,2,2.0,,,4.892367992233488,1.0,0.0,
1122101,2017-08-17,2017-08-17,40-44,F,25,26,30,197772,63,88.21000016,7,2.0,,,7.935608193292174,0.2857142857142857,0.0,
1122102,2017-08-17,2017-08-17,40-44,F,25,30,29,138154,35,48.93999863,1,0.0,,,2.043318406198329,0.0,0.0,
1122103,2017-08-17,2017-08-17,40-44,F,25,26,30,270124,69,95.84999895,2,0.0,,,2.086593658747244,0.0,0.0,
1122105,2017-08-17,2017-08-17,40-44,F,26,28,27,303971,77,106.9299998,11,6.0,,,10.287103731950069,0.5454545454545454,0.0,
1122107,2017-08-17,2017-08-17,40-44,F,26,30,29,682046,183,254.419997,4,2.0,,,1.5722034616642182,0.5,0.0,
1122109,2017-08-17,2017-08-17,40-44,F,26,27,28,328365,83,117.3400005,2,1.0,,,1.7044486036115196,0.5,0.0,
1122112,2017-08-17,2017-08-17,40-44,F,27,31,33,1083259,276,390.2599992,11,0.0,,,2.818633737136542,0.0,0.0,
1122113,2017-08-17,2017-08-17,40-44,F,27,33,28,913929,245,340.4099993,7,2.0,,,2.056343824915369,0.2857142857142857,0.0,
1122118,2017-08-17,2017-08-17,40-44,F,28,31,33,101586,24,33.47000039,2,1.0,,,5.975500378534653,0.5,0.0,
1122120,2017-08-29,2017-08-29,40-44,F,28,30,32,181053,46,66.27999985,3,1.0,,,4.526252273369612,0.3333333333333333,0.0,
1122121,2017-08-29,2017-08-29,40-44,F,28,30,34,133419,35,48.18000007,2,1.0,,,4.15110003547993,0.5,0.0,
1122125,2017-08-26,2017-08-26,40-44,F,29,34,32,489573,113,156.1199993,3,2.0,,,1.9215987787927185,0.6666666666666666,0.0,
1122127,2017-08-26,2017-08-26,40-44,F,29,32,31,822023,194,288.3300035,6,0.0,,,2.080948887443828,0.0,0.0,
1122131,2017-08-26,2017-08-26,40-44,F,30,32,35,93176,29,40.37000024,1,1.0,,,2.477086931025492,1.0,0.0,
1122138,2017-08-26,2017-08-26,40-44,F,31,32,37,47229,13,19.27999985,1,0.0,,,5.186722032054373,0.0,0.0,
1122139,2017-08-26,2017-08-26,40-44,F,31,36,32,92263,24,34.03000015,1,0.0,,,2.9385835897505865,0.0,0.0,
1122140,2017-08-26,2017-08-26,40-44,F,31,35,35,81551,21,29.67000008,1,0.0,,,3.370407810258422,0.0,0.0,
1122145,2017-08-26,2017-08-26,40-44,F,32,35,34,141037,32,47.78999913,3,0.0,,,6.277464018861554,0.0,0.0,
1122146,2017-08-26,2017-08-26,40-44,F,32,38,37,319501,79,111.6500003,0,0.0,,,0.0,0.0,0.0,0.0
1122149,2017-08-26,2017-08-26,40-44,F,36,41,37,72741,19,24.33000016,2,0.0,,,8.220304097194877,0.0,0.0,
1122154,2017-08-25,2017-08-25,40-44,F,63,66,68,597419,135,188.5100002,2,1.0,,,1.0609516725256467,0.5,0.0,
1122157,2017-08-25,2017-08-25,40-44,F,63,69,66,98768,21,33.14000034,1,1.0,,,3.0175014777926825,1.0,0.0,
1122160,2017-08-24,2017-08-24,40-44,F,64,69,67,173165,41,59.85000026,1,0.0,,,1.6708437688484647,0.0,0.0,
1122165,2017-08-24,2017-08-24,40-44,F,65,68,69,55823,13,21.10999966,1,1.0,,,4.737091502160641,1.0,0.0,
1122166,2017-08-25,2017-08-25,40-44,F,65,66,68,118451,28,38.35000062,4,1.0,,,10.43024754975871,0.25,0.0,
1122176,2017-08-25,2017-08-25,40-44,F,2,6,8,74424,22,30.84000027,1,1.0,,,3.242542124659975,1.0,0.0,
1122177,2017-08-25,2017-08-25,40-44,F,7,10,12,47929,12,14.58999991,1,1.0,,,6.854009637893137,1.0,0.0,
1122182,2017-08-25,2017-08-25,40-44,F,7,10,8,40801,12,15.91999972,0,0.0,,,0.0,0.0,0.0,0.0
1122183,2017-08-25,2017-08-25,40-44,F,66,71,67,66017,17,24.22000015,1,0.0,,,4.12881913215017,0.0,0.0,
1122189,2017-08-25,2017-08-25,45-49,F,10,16,14,725043,179,238.4000007,5,3.0,,,2.097315430083386,0.6,0.0,
1122191,2017-08-27,2017-08-27,45-49,F,10,16,16,382776,97,132.7300007,5,1.0,,,3.767045862751962,0.2,0.0,
1122192,2017-08-27,2017-08-27,45-49,F,10,16,13,548250,137,201.6000042,5,1.0,,,2.480158678488757,0.2,0.0,
1122193,2017-08-28,2017-08-28,45-49,F,10,11,15,1358324,346,465.0799981,8,2.0,,,1.7201341774925925,0.25,0.0,
1122197,2017-08-28,2017-08-28,45-49,F,15,16,20,662249,163,234.9399992,2,0.0,,,0.8512811810718692,0.0,0.0,
1122200,2017-08-28,2017-08-28,45-49,F,15,16,16,559554,139,195.0799994,2,0.0,,,1.025220425544045,0.0,0.0,
1122201,2017-08-28,2017-08-28,45-49,F,16,19,21,320757,68,104.6899989,2,0.0,,,1.910402159723396,0.0,0.0,
1122202,2017-08-28,2017-08-28,45-49,F,16,20,19,906151,202,295.5499957,1,0.0,,,0.338352229588613,0.0,0.0,
1122203,2017-08-29,2017-08-29,45-49,F,16,22,19,699314,164,226.0300014,3,0.0,,,1.327257435481306,0.0,0.0,
1122204,2017-08-28,2017-08-28,45-49,F,16,21,22,850337,198,287.690003,3,1.0,,,1.0427891024075662,0.3333333333333333,0.0,
1122205,2017-08-28,2017-08-28,45-49,F,16,20,22,1015460,247,315.9000051,9,2.0,,,2.849002803007552,0.2222222222222222,0.0,
1122209,2017-08-28,2017-08-28,45-49,F,18,19,20,890295,227,332.9899989,1,0.0,,,0.3003093195901986,0.0,0.0,
1122210,2017-08-28,2017-08-28,45-49,F,18,21,20,791817,194,282.490001,4,2.0,,,1.4159793216893364,0.5,0.0,
1122211,2017-08-27,2017-08-27,45-49,F,18,24,21,317601,76,115.6600008,1,0.0,,,0.8646031411751468,0.0,0.0,
1122212,2017-08-27,2017-08-27,45-49,F,18,23,24,685211,164,247.3200026,4,3.0,,,1.6173378448767657,0.75,0.0,
1122213,2017-08-27,2017-08-27,45-49,F,19,24,23,32781,7,11.20000017,2,2.0,,,17.857142586096945,1.0,0.0,
1122216,2017-08-27,2017-08-27,45-49,F,19,23,22,76785,19,25.45999998,3,0.0,,,11.783189325831255,0.0,0.0,
1122217,2017-08-27,2017-08-27,45-49,F,19,24,23,719083,206,299.5299983,12,5.0,,,4.006276522587622,0.4166666666666667,0.0,
1122223,2017-08-27,2017-08-27,45-49,F,20,23,23,368480,107,140.4200011,5,4.0,,,3.560746304537666,0.8,0.0,
1122224,2017-08-27,2017-08-27,45-49,F,20,24,25,260945,73,100.8800011,2,2.0,,,1.98255350732743,1.0,0.0,
1122225,2017-08-27,2017-08-27,45-49,F,21,22,27,40998,10,13.35000038,1,0.0,,,7.490636490903231,0.0,0.0,
1122227,2017-08-27,2017-08-27,45-49,F,21,27,26,183293,53,73.74999964,2,1.0,,,2.7118644200172364,0.5,0.0,
1122232,2017-08-27,2017-08-27,45-49,F,22,24,23,221561,55,76.75999916,1,0.0,,,1.3027618693892649,0.0,0.0,
1122233,2017-08-19,2017-08-19,45-49,F,22,24,24,436943,109,145.8199974,1,1.0,,,0.6857769975519146,1.0,0.0,
1122240,2017-08-19,2017-08-19,45-49,F,23,26,26,284488,90,125.2700011,1,1.0,,,0.7982757174255345,1.0,0.0,
1122244,2017-08-25,2017-08-25,45-49,F,24,26,26,85083,32,38.62999976,1,1.0,,,2.5886616780035934,1.0,0.0,
1122246,2017-08-25,2017-08-25,45-49,F,24,28,25,14167,5,7.139999986,1,0.0,,,14.005602268358322,0.0,0.0,
1122249,2017-08-24,2017-08-24,45-49,F,25,29,28,300637,84,116.9899981,2,0.0,,,1.7095478523646543,0.0,0.0,
1122253,2017-08-25,2017-08-25,45-49,F,25,27,28,449921,129,175.9700005,5,1.0,,,2.8413934112593244,0.2,0.0,
1122254,2017-08-25,2017-08-25,45-49,F,25,31,31,282899,71,105.6600007,1,0.0,,,0.94643194527255,0.0,0.0,
1122257,2017-08-25,2017-08-25,45-49,F,26,29,32,669671,186,259.1799988,4,1.0,,,1.5433289677135378,0.25,0.0,
1122258,2017-08-25,2017-08-25,45-49,F,26,28,30,108655,28,46.92000186,1,0.0,,,2.131287213039339,0.0,0.0,
1122260,2017-08-25,2017-08-25,45-49,F,26,32,31,536248,146,187.7399978,3,0.0,,,1.597954636814212,0.0,0.0,
1122262,2017-08-24,2017-08-24,45-49,F,27,29,30,1055017,265,380.6599952,16,2.0,,,4.203226028937857,0.125,0.0,
1122265,2017-08-24,2017-08-24,45-49,F,27,30,28,1428421,367,541.7000023,10,0.0,,,1.8460402358392236,0.0,0.0,
1122266,2017-08-24,2017-08-24,45-49,F,27,31,30,1088027,272,409.5600026,9,4.0,,,2.1974802087277845,0.4444444444444444,0.0,
1122267,2017-08-23,2017-08-23,45-49,F,28,29,33,288517,78,102.3900002,3,0.0,,,2.9299736245141643,0.0,0.0,
1122268,2017-08-23,2017-08-23,45-49,F,28,31,30,202231,53,67.13000107,3,1.0,,,4.468940789784498,0.3333333333333333,0.0,
1122270,2017-08-24,2017-08-24,45-49,F,28,34,32,73222,16,22.86000025,1,0.0,,,4.37445314551123,0.0,0.0,
1122271,2017-08-24,2017-08-24,45-49,F,28,29,34,348542,96,134.889999,2,0.0,,,1.482689609924306,0.0,0.0,
1122273,2017-08-24,2017-08-24,45-49,F,29,32,30,1097966,266,369.069997,16,8.0,,,4.335220996032359,0.5,0.0,
1122274,2017-08-24,2017-08-24,45-49,F,29,33,31,526923,138,198.0899972,2,1.0,,,1.0096420961532528,0.5,0.0,
1122276,2017-08-24,2017-08-24,45-49,F,29,34,34,264386,66,91.00000054,4,1.0,,,4.395604369520589,0.25,0.0,
1122277,2017-08-24,2017-08-24,45-49,F,29,30,30,854940,227,297.9100007,8,3.0,,,2.6853747713075684,0.375,0.0,
1122279,2017-08-25,2017-08-25,45-49,F,30,33,36,113567,34,50.29000044,3,0.0,,,5.965400623885936,0.0,0.0,
1122282,2017-08-25,2017-08-25,45-49,F,30,31,35,22859,6,9.419999838,1,0.0,,,10.615711435217118,0.0,0.0,
1122288,2017-08-27,2017-08-27,45-49,F,31,32,33,51754,13,20.51999998,1,0.0,,,4.873294351728356,0.0,0.0,
1122290,2017-08-26,2017-08-26,45-49,F,31,32,33,104347,28,38.13999993,4,3.0,,,10.487676998797518,0.75,0.0,
1122303,2017-08-26,2017-08-26,45-49,F,63,67,66,391998,97,142.0500025,3,1.0,,,2.111932380993798,0.3333333333333333,0.0,
1122304,2017-08-27,2017-08-27,45-49,F,63,64,66,1111156,282,402.3000026,5,0.0,,,1.242853583814518,0.0,0.0,
1122308,2017-08-27,2017-08-27,45-49,F,63,64,68,427772,117,159.299999,3,1.0,,,1.8832391831967303,0.3333333333333333,0.0,
1122310,2017-08-27,2017-08-27,45-49,F,64,66,65,536457,136,193.6599991,2,1.0,,,1.0327377926751211,0.5,0.0,
1122311,2017-08-27,2017-08-27,45-49,F,64,69,68,179894,43,66.83999872,2,0.0,,,2.9922202847103825,0.0,0.0,
1122312,2017-08-27,2017-08-27,45-49,F,64,70,66,479882,131,178.6700007,6,0.0,,,3.35814629008394,0.0,0.0,
1122313,2017-08-26,2017-08-26,45-49,F,64,70,69,358261,91,130.3600011,1,0.0,,,0.7671064679056679,0.0,0.0,
1122316,2017-08-26,2017-08-26,45-49,F,65,67,67,346688,88,114.8599998,2,0.0,,,1.7412502206882297,0.0,0.0,
1314296,2017-08-26,2017-08-26,30-34,M,100,106,105,33445,2,3.199999928,1,0.0,,,31.25000070312501,0.0,0.0,
1314297,2017-08-25,2017-08-25,30-34,M,101,106,103,72228,5,7.529999852,4,4.0,,,53.120850977674095,1.0,0.0,
1314298,2017-08-25,2017-08-25,30-34,M,102,104,107,49699,2,2.690000057,2,1.0,,,74.3494408037479,0.5,0.0,
1314299,2017-08-26,2017-08-26,30-34,M,103,107,108,189761,18,27.32999969,4,1.0,,,14.635931377136432,0.25,0.0,
1314301,2017-08-26,2017-08-26,30-34,M,105,108,107,312524,37,53.78999972,2,0.0,,,3.7181632467203145,0.0,0.0,
1314303,2017-08-26,2017-08-26,30-34,M,107,108,110,496760,42,61.00999904,10,3.0,,,16.390755871744396,0.3,0.0,
1314306,2017-08-26,2017-08-26,30-34,M,110,112,111,310988,34,46.66999936,11,3.0,,,23.56974534143212,0.2727272727272727,0.0,
1314307,2017-08-26,2017-08-26,30-34,M,111,112,113,98606,9,12.10999984,1,0.0,,,8.25763842454353,0.0,0.0,
1314308,2017-08-26,2017-08-26,30-34,M,112,117,115,51104,2,3.199999928,3,1.0,,,93.75000210937505,0.3333333333333333,0.0,
1314309,2017-08-23,2017-08-23,30-34,M,113,116,115,276762,22,32.09000015,5,1.0,,,15.581177864220107,0.2,0.0,
1314312,2017-08-23,2017-08-23,35-39,M,101,105,103,33534,2,2.960000038,1,1.0,,,33.78378335007305,1.0,0.0,
1314313,2017-08-21,2017-08-21,35-39,M,102,104,107,128859,16,23.69999957,1,0.0,,,4.219409359255106,0.0,0.0,
1314314,2017-08-21,2017-08-21,35-39,M,103,104,105,92080,12,16.94000018,3,2.0,,,17.709562975931444,0.6666666666666666,0.0,
1314316,2017-08-21,2017-08-21,35-39,M,105,107,107,211882,33,46.64999926,3,1.0,,,6.430868269214201,0.3333333333333333,0.0,
1314318,2017-08-21,2017-08-21,35-39,M,107,110,109,112776,9,12.67999995,1,0.0,,,7.886435362328216,0.0,0.0,
1314319,2017-08-21,2017-08-21,35-39,M,108,113,111,145324,14,19.82000005,2,1.0,,,10.090817330749704,0.5,0.0,
1314320,2017-08-21,2017-08-21,35-39,M,109,113,115,106492,14,21.26000023,2,0.0,,,9.40733762165157,0.0,0.0,
1314321,2017-08-21,2017-08-21,35-39,M,110,112,111,233845,30,40.73000062,3,0.0,,,7.365578085768269,0.0,0.0,
1314323,2017-08-21,2017-08-21,35-39,M,112,117,118,155426,17,25.01000023,3,0.0,,,11.995201808920577,0.0,0.0,
1314324,2017-08-21,2017-08-21,35-39,M,113,116,114,97540,8,11.5199995,2,1.0,,,17.36111186463159,0.5,0.0,
1314325,2017-08-21,2017-08-21,35-39,M,114,117,120,61441,5,7.700000048,1,0.0,,,12.987012906054984,0.0,0.0,
1314326,2017-08-20,2017-08-20,40-44,M,100,104,104,76703,9,12.14999962,3,1.0,,,24.691358796931382,0.3333333333333333,0.0,
1314327,2017-08-20,2017-08-20,40-44,M,101,107,105,68619,10,14.96000034,1,0.0,,,6.6844918266893565,0.0,0.0,
1314330,2017-08-20,2017-08-20,40-44,M,104,108,108,17559,1,1.49000001,1,1.0,,,67.11409350930138,1.0,0.0,
1314331,2017-08-20,2017-08-20,40-44,M,105,107,108,137879,19,28.47000003,2,0.0,,,7.024938524385382,0.0,0.0,
1314332,2017-08-20,2017-08-20,40-44,M,106,110,112,67710,10,15.14999998,1,0.0,,,6.600660074720343,0.0,0.0,
1314333,2017-08-21,2017-08-21,40-44,M,107,113,108,348180,41,60.22999907,3,1.0,,,4.980906601896781,0.3333333333333333,0.0,
1314334,2017-08-21,2017-08-21,40-44,M,108,110,112,146246,18,28.71999955,3,1.0,,,10.445682614921909,0.3333333333333333,0.0,
1314336,2017-08-20,2017-08-20,40-44,M,110,116,113,187236,24,34.86999965,2,2.0,,,5.735589389373567,1.0,0.0,
1314337,2017-08-20,2017-08-20,40-44,M,111,112,112,72157,9,13.50000036,1,1.0,,,7.407407209876549,1.0,0.0,
1314338,2017-08-21,2017-08-21,40-44,M,112,113,114,91180,10,13.55999994,1,0.0,,,7.37463130106769,0.0,0.0,
1314339,2017-08-22,2017-08-22,40-44,M,113,114,116,86293,6,9.259999871,1,1.0,,,10.799136219556004,1.0,0.0,
1314341,2017-08-23,2017-08-23,45-49,M,100,105,106,101410,12,17.94000006,4,0.0,,,22.29654396110409,0.0,0.0,
1314343,2017-08-23,2017-08-23,45-49,M,102,107,103,134245,18,25.75000024,2,1.0,,,7.766990218870771,0.5,0.0,
1314345,2017-08-23,2017-08-23,45-49,M,104,105,107,125650,20,30.08000076,4,0.0,,,13.297872004442064,0.0,0.0,
1314346,2017-08-23,2017-08-23,45-49,M,105,109,106,50406,5,7.26000011,1,1.0,,,13.77410447449704,1.0,0.0,
1314348,2017-08-23,2017-08-23,45-49,M,107,113,111,121769,13,18.41999996,2,1.0,,,10.857763324338247,0.5,0.0,
1314349,2017-08-23,2017-08-23,45-49,M,108,113,113,267106,34,50.5,4,1.0,,,7.920792079207921,0.25,0.0,
1314350,2017-08-23,2017-08-23,45-49,M,109,115,115,365539,57,82.13999915,5,2.0,,,6.0871683123215625,0.4,0.0,
1314351,2017-08-23,2017-08-23,45-49,M,110,114,111,188758,25,36.60000038,2,1.0,,,5.464480817581894,0.5,0.0,
1314353,2017-08-22,2017-08-22,45-49,M,112,114,114,108426,13,19.58000016,1,0.0,,,5.107252256529093,0.0,0.0,
1314354,2017-08-22,2017-08-22,45-49,M,113,116,116,138525,9,13.65000045,3,0.0,,,21.978021253471827,0.0,0.0,
1314355,2017-08-22,2017-08-22,45-49,M,114,117,118,150858,21,30.26000011,1,0.0,,,3.304692651569194,0.0,0.0,
1314357,2017-08-22,2017-08-22,30-34,F,101,102,102,524306,81,113.6800029,10,4.0,,,8.79662187271109,0.4,0.0,
1314358,2017-08-22,2017-08-22,30-34,F,102,103,103,104496,9,11.42999983,3,2.0,,,26.246719550476143,0.6666666666666666,0.0,
1314359,2017-08-22,2017-08-22,30-34,F,103,109,105,452519,68,99.52000237,7,2.0,,,7.033761890373637,0.2857142857142857,0.0,
1314360,2017-08-22,2017-08-22,30-34,F,104,105,108,442919,76,110.7800021,21,2.0,,,18.95648998186831,0.0952380952380952,0.0,
1314361,2017-08-22,2017-08-22,30-34,F,105,111,107,596831,86,120.8799992,11,0.0,,,9.099933878887716,0.0,0.0,
1314362,2017-08-22,2017-08-22,30-34,F,106,109,108,173912,26,35.54000032,2,1.0,,,5.627461963962077,0.5,0.0,
1314363,2017-08-22,2017-08-22,30-34,F,107,109,113,780967,86,119.6400018,20,4.0,,,16.716816866513955,0.2,0.0,
1314364,2017-08-22,2017-08-22,30-34,F,108,111,111,132124,8,11.18999994,4,0.0,,,35.74620215770975,0.0,0.0,
1314365,2017-08-27,2017-08-27,30-34,F,109,110,112,623137,100,138.9200006,12,1.0,,,8.638065036115469,0.0833333333333333,0.0,
1314366,2017-08-27,2017-08-27,30-34,F,110,114,111,99020,10,14.48000044,4,1.0,,,27.624308552852504,0.25,0.0,
1314367,2017-08-18,2017-08-18,30-34,F,111,113,114,665817,117,163.8000002,23,9.0,,,14.041514024369336,0.391304347826087,0.0,
1314368,2017-08-18,2017-08-18,30-34,F,112,114,113,699232,80,111.9899995,12,3.0,,,10.715242480200208,0.25,0.0,
1314371,2017-08-18,2017-08-18,35-39,F,100,103,102,72982,11,15.04999995,1,0.0,,,6.644518294500061,0.0,0.0,
1314372,2017-08-18,2017-08-18,35-39,F,101,107,104,975884,167,237.3199975,14,3.0,,,5.899207882808106,0.2142857142857142,0.0,
1314373,2017-08-18,2017-08-18,35-39,F,102,106,103,245607,33,47.87999952,3,1.0,,,6.265664223214679,0.3333333333333333,0.0,
1314377,2017-08-18,2017-08-18,35-39,F,106,111,109,485369,114,164.6400015,3,0.0,,,1.822157417801044,0.0,0.0,
1314378,2017-08-18,2017-08-18,35-39,F,107,111,112,866355,139,200.8299961,11,5.0,,,5.477269438636413,0.4545454545454545,0.0,
1314379,2017-08-18,2017-08-18,35-39,F,108,110,110,502710,72,105.2199969,8,2.0,,,7.603117502087667,0.25,0.0,
1314380,2017-08-18,2017-08-18,35-39,F,109,114,111,475184,88,127.3200028,4,1.0,,,3.1416901602518656,0.25,0.0,
1314381,2017-08-17,2017-08-17,35-39,F,110,111,111,357401,47,68.67000008,8,1.0,,,11.64991989322858,0.125,0.0,
1314382,2017-08-17,2017-08-17,35-39,F,111,114,112,99810,14,20.05000019,2,0.0,,,9.975062249612876,0.0,0.0,
1314383,2017-08-17,2017-08-17,35-39,F,112,116,114,81569,6,9.409999967,3,1.0,,,31.880977795119264,0.3333333333333333,0.0,
1314384,2017-08-17,2017-08-17,35-39,F,113,115,114,441192,53,77.59999979,6,2.0,,,7.731958783810714,0.3333333333333333,0.0,
1314385,2017-08-17,2017-08-17,35-39,F,114,115,116,90470,11,16.73000002,1,1.0,,,5.977286304868756,1.0,0.0,
1314386,2017-08-17,2017-08-17,40-44,F,100,102,102,834243,166,246.7499975,18,7.0,,,7.294832900656869,0.3888888888888889,0.0,
1314387,2017-08-17,2017-08-17,40-44,F,101,105,106,696612,152,223.1899948,31,9.0,,,13.889511502421522,0.2903225806451613,0.0,
1314388,2017-08-17,2017-08-17,40-44,F,102,103,106,329333,48,67.60999918,1,0.0,,,1.479071161260736,0.0,0.0,
1314389,2017-08-17,2017-08-17,40-44,F,103,104,105,1114711,224,319.0000019,6,0.0,,,1.8808777317439889,0.0,0.0,
1314390,2017-08-17,2017-08-17,40-44,F,104,107,107,267316,58,82.92999887,3,0.0,,,3.6175087916047866,0.0,0.0,
1314391,2017-08-19,2017-08-19,40-44,F,105,109,106,228629,38,57.0,2,0.0,,,3.508771929824561,0.0,0.0,
1314392,2017-08-19,2017-08-19,40-44,F,106,107,111,758340,159,233.110002,13,4.0,,,5.576766285643977,0.3076923076923077,0.0,
1314393,2017-08-20,2017-08-20,40-44,F,107,108,110,877535,149,217.7799966,5,2.0,,,2.2958949756912617,0.4,0.0,
1314394,2017-08-20,2017-08-20,40-44,F,108,113,112,1357386,223,323.0600071,10,1.0,,,3.0954001672217504,0.1,0.0,
1314395,2017-08-20,2017-08-20,40-44,F,109,115,115,280240,61,87.99000168,2,2.0,,,2.272985523143361,1.0,0.0,
1314396,2017-08-20,2017-08-20,40-44,F,110,116,116,419922,75,105.4500008,3,1.0,,,2.8449501917879547,0.3333333333333333,0.0,
1314397,2017-08-20,2017-08-20,40-44,F,111,116,115,402975,83,120.8999977,1,0.0,,,0.8271298751232318,0.0,0.0,
1314398,2017-08-20,2017-08-20,40-44,F,112,115,116,1137635,211,301.0499992,30,10.0,,,9.965122099226368,0.3333333333333333,0.0,
1314400,2017-08-20,2017-08-20,40-44,F,114,118,119,250234,40,62.31999922,4,1.0,,,6.418485317818012,0.25,0.0,
1314401,2017-08-20,2017-08-20,45-49,F,100,106,101,904907,195,279.219995,11,1.0,,,3.939545948348004,0.0909090909090909,0.0,
1314402,2017-08-20,2017-08-20,45-49,F,101,105,105,589270,107,158.0500023,10,4.0,,,6.327111581446652,0.4,0.0,
1314403,2017-08-20,2017-08-20,45-49,F,102,104,104,168714,24,36.01000071,2,2.0,,,5.554012664722328,1.0,0.0,
1314404,2017-08-19,2017-08-19,45-49,F,103,105,104,71982,11,16.34000051,1,0.0,,,6.119950849377299,0.0,0.0,
1314405,2017-08-19,2017-08-19,45-49,F,104,107,110,558666,110,162.6399975,14,5.0,,,8.607968651745706,0.3571428571428571,0.0,
1314406,2017-08-19,2017-08-19,45-49,F,105,106,109,1118200,235,333.7499943,11,4.0,,,3.295880206101924,0.3636363636363636,0.0,
1314407,2017-08-19,2017-08-19,45-49,F,106,112,108,107100,23,33.71000051,1,0.0,,,2.9664787447966727,0.0,0.0,
1314408,2017-08-19,2017-08-19,45-49,F,107,113,112,877769,160,232.5900005,13,4.0,,,5.58923426288913,0.3076923076923077,0.0,
1314409,2017-08-19,2017-08-19,45-49,F,108,112,112,212508,33,47.69000006,4,1.0,,,8.387502610542038,0.25,0.0,
1314410,2017-08-19,2017-08-19,45-49,F,109,111,114,1129773,252,358.189997,13,2.0,,,3.629358750629767,0.1538461538461538,0.0,
1314411,2017-08-19,2017-08-19,45-49,F,110,111,116,637549,120,173.8800035,3,0.0,,,1.7253277775555145,0.0,0.0,
1314412,2017-08-19,2017-08-19,45-49,F,111,113,117,151531,28,40.28999949,2,0.0,,,4.964010983659608,0.0,0.0,
1314414,2017-08-17,2017-08-17,45-49,F,113,114,117,790253,135,198.7100005,8,2.0,,,4.025967480182257,0.25,0.0,
1314415,2017-08-17,2017-08-17,45-49,F,114,116,118,513161,114,165.6099987,5,2.0,,,3.019141379897855,0.4,0.0,
